Company Name,Website,Type/Category,Geographic Coverage,Loan Size Range,Email/Phone,Products,Sectors Served,CITR Accredited,LinkedIn/Twitter,FCA Status,Notes,Source
BCRS Business Loans,https://www.bcrs.org.uk,CDFI - Commercial Lending,"West Midlands, Wales","£10,000 - £250,000","0345 313 8410, enquiries@bcrs.org.uk","Business loans, CIEF delivery, MEIF II delivery",All sectors - viable businesses,Yes,@B_C_R_S,FCA Regulated,"£100m+ total lending milestone, Black Country Reinvestment Society",Responsible Finance
Business Enterprise Fund (BEF),https://www.befund.org,CDFI - Commercial Lending,"Yorkshire, Lancashire, North East England","£500 - £250,000",Contact via website,"Business loans, Start Up Loans, Microfinance, CIEF delivery",SMEs and social enterprises,Yes (as Business and Enterprise Finance),@BE_Fund,FCA Regulated,"£108m invested over 11 years, 13,140 jobs created/safeguarded",Responsible Finance
Finance for Enterprise (FFE),https://www.ffe.org.uk,CDFI - Commercial Lending,England (national),"Up to £250,000",Contact via website,"Business loans, Recovery Loan Scheme, CIEF delivery",All sectors SMEs,Yes,N/A,FCA Regulated (718612),"Operating since 1985, CIEF delivery partner",Responsible Finance
SWIG Finance,https://www.swigfinance.co.uk,CDFI - Commercial Lending,"South West, West Country",Various (CIEF £10m facility),"01872 227 930, info@swigfinance.co.uk","Business loans, Start Up Loans, CIEF delivery",Small businesses,"Yes (SWIG 7 Limited, SWIG Finance Limited)",LinkedIn,FCA Regulated,"£14m lent in 2023/24, 500 businesses, £10m CIEF allocation 2025","Responsible Finance, CIEF"
DSL Business Finance,https://www.dsl-businessfinance.co.uk,CDFI - Commercial Lending,Scotland,"£1,000 - £100,000",Contact via website,"Business loans, social enterprise loans, Investment Fund for Scotland",Small businesses and social enterprises,Yes,@ScotMicFund,FCA Regulated,Part of Investment Fund for Scotland £25k-£100k pot,Responsible Finance
Social Investment Scotland (SIS),https://www.socialinvestmentscotland.com,CDFI - Social Lending & Fund Manager,"Scotland, manages CIEF for England/Wales","£25,000 - £875,000 (Scotland), manages CIEF",hello@socialinvestmentscotland.com,"Social enterprise loans, charity loans, CIEF fund management","Social enterprises, charities, community groups",Yes (Community Finance),LinkedIn,FCA Regulated,"£52m active loans 2024/25, manages £72m CIEF fund",CIEF Fund Manager
ART Business Loans,https://www.artbusinessloans.co.uk,CDFI - Commercial Lending,West Midlands,"£10,000 - £150,000",Contact via website,Business and social enterprise loans,All sectors,No (but RF member),@ART_BizLoans,FCA Regulated,Pioneering finance provider,Responsible Finance
Coventry and Warwickshire Reinvestment Trust (CWRT),https://www.cwrt.uk.com,CDFI - Commercial Lending,Coventry and Warwickshire,"£1,000 - £150,000",Contact via website,Business loans for start-ups and SMEs,All sectors,Yes,@CandWRT,FCA Regulated,Supporting start-ups and SMEs,Responsible Finance
Let's Do Business Finance (Capitalise Business Support),https://letsdобusinessfinance.co.uk,CDFI - Commercial Lending,Regional (UK),Various,Contact via website,Business finance,SMEs,Yes,N/A,FCA Regulated,Trading name for Capitalise Business Support,CITR List
Charity Bank,https://www.charitybank.org,CDFI - Social/Charity Lending,UK,"£50,000 - £10 million+",Contact via website,"Loans to charities, social enterprises",Charities and social purpose organisations,Yes (Charity Bank 1 & 2),@CharityBank,FCA Regulated,1000+ loans totalling £300m+ since 2002,Responsible Finance
Big Issue Invest,https://www.bigissueinvest.com,CDFI - Social Enterprise Lending,UK,"£50,000 - £3 million",Contact via website,Loans to charities and social enterprises,"Social enterprises, charities, socially driven businesses",Yes (Big Issue Invest Limited & Trust),@BigIssueInvest,FCA Regulated,Social investment arm of The Big Issue Group,Responsible Finance
Chamber Acorn Fund (Humber),https://www.chamberacornfund.com,CDFI - Commercial Lending,Hull and Humber region,Various,Contact via website,Gap funding for businesses,Established businesses,Yes,N/A,FCA Regulated,Gap funder for financially excluded businesses,Responsible Finance
Cumbria Community Asset and Reinvestment Trust,N/A,CDFI - Commercial Lending,Cumbria,Various,N/A,Business loans,Local businesses,Yes,N/A,FCA Regulated,Regional CDFI,CITR List
Enterprise Loans East Midlands,N/A,CDFI - Commercial Lending,East Midlands,Various,N/A,Business loans,SMEs,Yes,N/A,FCA Regulated,Regional CDFI,CITR List
Key Fund Investments,N/A,CDFI - Commercial Lending,Regional (UK),Various,N/A,Business investment,SMEs,Yes,N/A,FCA Regulated,Investment focused CDFI,CITR List
Industrial Common Ownership Finance (ICOF),https://www.icof.co.uk,CDFI - Co-op/Social Enterprise,UK,Various,Contact via website,Co-operative and social enterprise finance,"Co-operatives, social enterprises",Yes (ICOF Limited & Community Capital),N/A,FCA Regulated,Specialist in co-operative finance,CITR List
Co-operative & Community Finance,https://coopfinance.coop,CDFI - Co-op Specialist,UK,Various,Contact via website,Loans for co-operatives and social enterprises,"Co-operatives, social enterprises",No (but RF member),@coop_finance,FCA Regulated,Exclusively serves co-op and social enterprise sector,Responsible Finance
Kindred LCR CIC,N/A,CDFI - Commercial Lending,Regional,Various,N/A,Business finance,Local businesses,Yes,N/A,FCA Regulated,CIC structure,CITR List
Purple Shoots,N/A,CDFI - Commercial Lending,Regional (UK),Various,N/A,Business finance,SMEs,Yes,N/A,FCA Regulated,CDFI for SMEs,CITR List
Resonance Enterprise Growth Investment CIC,N/A,CDFI - Social Enterprise,UK,Various,N/A,Social enterprise investment,Social enterprises,Yes,N/A,FCA Regulated,"CIC structure, enterprise growth focus",CITR List
Saltend Community Development Company,N/A,CDFI - Community Development,Regional,Various,N/A,Community development finance,Local community businesses,Yes,N/A,FCA Regulated,Community focused,CITR List
Seedar Finance,N/A,CDFI - Commercial Lending,Regional (UK),Various,N/A,Business finance,SMEs,Yes,N/A,FCA Regulated,SME focused CDFI,CITR List
Social Investment Business Foundation,https://www.sibgroup.org.uk,CDFI - Social Investment,UK,£100k - £1.5m+,Contact via website,"Community Builders Fund, Energy Resilience Fund, Flexible Finance","Social enterprises, charities, community groups",Yes,N/A,FCA Regulated,Offers grants and loans,CITR List
Ulster Community Investment Trust,N/A,CDFI - Commercial Lending,Northern Ireland,Various,N/A,Business loans,SMEs in Northern Ireland,Yes,N/A,FCA Regulated,Northern Ireland focused CDFI,CITR List
The Enterprise Fund (GC Business Finance),N/A,CDFI - Commercial Lending,Regional (UK),Various,N/A,Business finance,SMEs,Yes,N/A,FCA Regulated,Trading as GC Business Finance,CITR List
Energising Education,N/A,CDFI - Education Sector,UK,Various,N/A,Education sector finance,Education institutions,Yes,N/A,FCA Regulated,Specialist education CDFI,CITR List
Artshare (SHARE Limited),N/A,CDFI - Social/Arts,Regional (UK),Various,N/A,Social enterprise finance,Social enterprises,Yes,N/A,FCA Regulated,Social Help Association for Reinvesting in Enterprise,CITR List
Business Finance North West,https://www.financenw.org,CDFI - Commercial Lending,North West England,"£500 - £250,000",Contact via website,"Start Up Loans, Small Business Loans",Businesses in North West,Likely (RF member),N/A,FCA Regulated,"Focus on North West, Lancashire, Cumbria",RF Member
Development Bank of Wales,https://developmentbank.wales,Development Bank (CDFI-like),Wales,"£1,000 - £6 million",0203 514 3044,Business loans and equity investments,All sectors in Wales,No (Dev Bank),LinkedIn,FCA Regulated,National development bank for Wales,Web Search
ALTERNATIVE LENDERS - UK COMMERCIAL BUSINESS LENDING,,,,,,,,,,,,
Funding Circle,https://www.fundingcircle.com/uk/,P2P / Fintech Lender,UK (National),"£10,000 - £750,000",Apply online,"Business loans, FlexiPay line of credit, Business credit cards, Asset finance, Growth Guarantee Scheme",All sectors - SMEs,No,"LinkedIn, Twitter",FCA Regulated,"£16bn lent to 110,000+ businesses since 2010, market leader",Exa Search
Folk2Folk,https://folk2folk.com/,P2P Lender,UK (focus on property/land),Various,Contact via website,"Business loans, property finance","Property, land, business",No,LinkedIn,FCA Regulated,UK's largest P2P lender to business borrowers,Exa Search
Assetz Capital,https://www.assetzcapital.co.uk,P2P / Alternative Lender,UK (National),Various,Contact via website,"Business loans, property finance","SMEs, property",No,LinkedIn,FCA Regulated,Established P2P platform,Capitalise
ThinCats,https://www.thincats.com,P2P Business Lender,UK (National),£50k - £3m+,Contact via website,"Business loans, growth finance",Established SMEs,No,LinkedIn,FCA Regulated,Specialist in SME lending,Web Research
Crowd2Fund,https://www.crowd2fund.com,P2P / Crowdfunding,UK (National),Various,Contact via website,"Business loans, equity crowdfunding","SMEs, startups",No,"LinkedIn, Twitter",FCA Regulated,Equity and debt crowdfunding platform,Capitalise
iwoca,https://www.iwoca.co.uk,Fintech Lender,UK (National),"£1,000 - £500,000",Apply online,"Flexi-Loan, Business credit cards",All sectors - SMEs,No,@iwoca,FCA Regulated,"Leading UK fintech lender, fast online application","Capitalise, Exa"
Fleximize,https://www.fleximize.com,Fintech Lender,UK (National),"£5,000 - £500,000",Apply online,"Business loans, revenue-based finance",SMEs,No,@Fleximize,FCA Regulated,Flexible online business lending,Capitalise
MarketFinance (formerly Market Invoice),https://www.marketfinance.com,Fintech Lender,"UK, Europe","£10,000 - £5m",Apply online,"Invoice finance, business loans, revenue finance",SMEs with invoices/recurring revenue,No,@MarketFinance,FCA Regulated,Leading alternative finance platform,Exa Search
Capitalise,https://www.capitalise.com,Finance Marketplace,UK (National),Various,Apply online,Marketplace connecting to 100+ lenders,All sectors,No,@CapitaliseUK,Not lender - broker,Connects businesses to 100+ lenders,"Exa Search, Capitalise"
Funding Options,https://www.fundingoptions.com,Finance Marketplace,UK (National),Various,Apply online,Marketplace connecting to 50+ lenders,All sectors,No,@FundingOptions,Not lender - broker,Finance matching platform,Exa Search
Allica Bank,https://www.allica.bank,Digital Bank,UK (National),Up to £5m,Apply online,"Business loans, commercial mortgages",Established SMEs,No,@AllicaBank,FCA Regulated (Bank),Digital bank for established businesses,Capitalise
OakNorth Bank,https://www.oaknorth.co.uk,Digital Bank,UK (National),£500k - £50m,Apply online/relationship,"Business loans, commercial mortgages, property finance","Growth businesses, property",No,@OakNorth,FCA Regulated (Bank),AI-powered lending for high-growth businesses,Web Research
Metro Bank,https://www.metrobank.co.uk,Challenger Bank,UK (National),Various,Apply online/branches,"Business loans, overdrafts, asset finance",All sectors,No,@Metro_Bank,FCA Regulated (Bank),UK challenger bank,Web Research
Starling Bank,https://www.starlingbank.com,Digital Bank,UK (National),"Up to £250,000",Apply online,"Business loans, overdrafts",SMEs,No,@StarlingBank,FCA Regulated (Bank),Mobile-first business banking,Web Research
Tide,https://www.tide.co/,Fintech Banking,UK (National),Various,Apply online,"Business accounts, cashback cards","SMEs, freelancers",No,@TideBusiness,E-money institution,Digital business banking platform,Web Research
Revolut Business,https://www.revolut.com/business/,Fintech Banking,"UK, Europe",Various,Apply online,"Business accounts, cards, FX","SMEs, startups",No,@RevolutBusiness,E-money/Bank license,Global fintech for business,Web Research
YouLend,https://www.youlend.com,Merchant Cash Advance,"UK, Europe, US","£3,000 - £1m",Apply online,"Merchant cash advance, revenue-based finance","Retailers, e-commerce with card sales",No,@YouLend,FCA Regulated,"£4bn funding from J.P. Morgan, 150k+ advances, partnership with Amazon",Exa Search (MCA)
Liberis,https://www.liberis.com,Merchant Cash Advance,"UK, Europe, US","£1,000 - £1m",Apply online,"Revenue-based financing, merchant cash advance","Retailers, e-commerce",No,@LiberisUK,FCA Regulated,"£500m to 17,000 SMEs, 300+ partnerships, 4.9 Trustpilot",Exa Search (MCA)
365 Finance,https://www.365finance.co.uk,Merchant Cash Advance,UK (National),"£10,000 - £500,000",Apply online,"Revenue-based finance, business cash advance",Card-accepting businesses,No,@365Finance,FCA Regulated,"£375m advanced, 90% approval rate, award-winning",Exa Search (MCA)
Capify,https://www.capify.co.uk,Merchant Cash Advance,"UK, Australia, US","£5,000 - £500,000",Apply online,"Business cash advance, merchant finance",Card sales businesses,No,@Capify_UK,FCA Regulated,"Global MCA provider, established 2004","Exa Search (MCA), Capitalise"
Momenta Finance,https://www.momentafinance.com,Merchant Cash Advance,UK (National),"£30,000 - £150,000",Apply online,Merchant cash advance,Established card businesses,No,N/A,FCA Regulated,"12 months min trading, £30k+ monthly card sales",Exa Search (MCA)
Nucleus Commercial Finance,https://www.nucleuscommercial.com,Merchant Cash Advance,UK (National),"£3,000 - £300,000",Apply online,Business cash advance,Card sales businesses,No,@NucleusComFin,FCA Regulated,4 months min trading,Exa Search (MCA)
Love Finance,https://www.lovefinance.com,Merchant Cash Advance,UK (National),"£5,000 - £250,000",Apply online,"Merchant cash advance, business finance",Card businesses,No,N/A,FCA Regulated,"3 months trading, £2k monthly card sales",Exa Search (MCA)
Bibby Financial Services,https://www.bibbyfinancialservices.com,Invoice Finance,"UK, Europe, Asia",Various,0800 159 6168,"Invoice finance, invoice discounting, asset finance, bad debt protection","300+ industries, 8,500+ businesses",No,@bibbyfs,FCA Regulated,"40+ years, family owned, one of UK's largest independent funders",Exa Search
Hitachi Capital,https://www.hitachicapital.co.uk,Invoice Finance / Asset,UK (National),Various,Contact via website,"Invoice finance, asset finance",All sectors,No,LinkedIn,FCA Regulated,Major global finance provider,Web Research
Close Brothers,https://www.closebrothers.com,Invoice Finance / Asset,UK (National),Various,Contact via website,"Invoice finance, asset finance, business loans",All sectors,No,@CloseBrothers,FCA Regulated,FTSE 250 merchant banking group,Capitalise
Aldermore,https://www.aldermore.co.uk,Invoice & Trade Finance,UK (National),Up to £25m,Contact via website,"Invoice finance, asset finance, trade finance",SMEs,No,@Aldermore,FCA Regulated (Bank),Alternative bank specializing in SMEs,"Exa Search, Capitalise"
Ultimate Finance,https://www.ultimatefinance.co.uk,Invoice & Trade Finance,UK (National),"£25,000 - £1m",Contact via website,"Invoice finance, trade finance, asset finance",UK exporters and SMEs,No,N/A,FCA Regulated,Trade finance £25k-£1m with 120 days credit,Exa Search
IGF Invoice Finance,https://www.igf.co.uk,Invoice Finance,UK (National),Various,Contact via website,"Invoice finance, invoice discounting",SMEs,No,LinkedIn,FCA Regulated,Independent invoice finance provider,Capitalise
Just Cashflow,https://www.justcashflow.com,Invoice Finance,UK (National),Various,Contact via website,Invoice finance,SMEs,No,@JustCashflow,FCA Regulated,Specialist invoice finance,Capitalise
Invocap,https://www.invocap.co.uk,Invoice Finance,UK (National),Various,Contact via website,"Invoice finance, invoice discounting",SMEs,No,LinkedIn,FCA Regulated,Invoice finance specialist,Capitalise
Close Brothers Asset Finance,https://www.closebrothersamf.com,Asset Finance,UK (National),"£1,000 - £5m+",Contact via website,"Asset finance, HP, leasing for vehicles, machinery, equipment",All sectors,No,@CloseBrothers,FCA Regulated,Major UK asset finance provider,Web Research
Lombard (RBS),https://www.lombardassetfinance.com,Asset Finance,UK (National),Various,Contact via website,"Asset finance, leasing, HP",All sectors,No,N/A,FCA Regulated,Part of NatWest Group,Web Research
Hitachi Capital UK,https://www.hitachicapital.co.uk,Asset Finance,UK (National),Various,Contact via website,"Asset finance, vehicle finance, IT finance",All sectors,No,LinkedIn,FCA Regulated,Major equipment finance provider,Web Research
Investec,https://www.investec.com,Asset Finance / Banking,"UK, International",Large tickets,Contact via website,"Asset finance, structured finance, banking","Corporate, HNW",No,@Investec,FCA Regulated (Bank),Specialist bank and asset manager,Capitalise
Catalyst Business Finance,https://www.catalystbf.co.uk,Asset Finance,UK (National),Various,Contact via website,"Asset finance, equipment finance",SMEs,No,LinkedIn,FCA Regulated,Independent asset finance broker,Capitalise
Corporate Asset Solutions,https://www.corporateas.co.uk,Asset Finance,UK (National),Various,Contact via website,"Asset finance, leasing",SMEs,No,LinkedIn,FCA Regulated,Asset finance specialist,Capitalise
Shawbrook Bank,https://www.shawbrook.co.uk,Challenger Bank,UK (National),Various,Contact via website,"Business loans, commercial mortgages, asset finance","SMEs, property",No,@ShawbrookBank,FCA Regulated (Bank),Specialist savings and lending bank,Web Research
Cynergy Bank,https://www.cynergybank.co.uk,Challenger Bank,UK (National),£100k - £3m,Contact via website,"Commercial finance, property finance","SMEs, property investors",No,@CynergyBank,FCA Regulated (Bank),Specialist commercial bank,Web Research
Hampshire Trust Bank,https://www.htb.co.uk,Specialist Bank,UK (National),Various,Contact via website,"Commercial loans, property finance, asset finance","SMEs, property",No,@HTB_UK,FCA Regulated (Bank),Specialist lending bank,Capitalise
Hodge Bank,https://www.hodgebank.co.uk,Specialist Bank,UK (National),Various,Contact via website,"Commercial finance, property loans","SMEs, property",No,@HodgeBank,FCA Regulated (Bank),Family-owned specialist bank,Capitalise
Arbuthnot Latham,https://www.arbuthnot.co.uk,Private Bank,UK (National),£250k+,Relationship banking,"Business banking, commercial finance","HNW, established businesses",No,@ArbuthnothLath,FCA Regulated (Bank),Independent private bank,Capitalise
Clydesdale Bank (Virgin Money),https://www.cbonline.co.uk,Bank,UK (focus Scotland),Various,Branches/online,"Business loans, overdrafts, asset finance",All sectors,No,@CYBG_PLC,FCA Regulated (Bank),Part of Virgin Money UK,Capitalise
Kuflink,https://www.kuflink.co.uk,Bridging & Development,UK (National),£50k - £10m,Apply online,"Bridging loans, development finance, buy-to-let","Property investors, developers",No,@Kuflink,FCA Regulated,P2P property finance platform,Capitalise
Hope Capital,https://www.hopecapital.co.uk,Bridging Finance,UK (National),£50k - £5m,Apply online,"Bridging loans, development finance",Property investors,No,@HopeCapitalUK,FCA Regulated,Specialist bridging lender,Capitalise
Avamore Capital,https://www.avamo.re,Development Finance,UK (National),£500k - £50m,Contact via website,"Development finance, bridging",Property developers,No,@AvamoreCapital,FCA Regulated,Specialist development lender,Capitalise
Blend Network,https://www.blendnetwork.com,Property Finance P2P,UK (National),Various,Apply online,"Development finance, bridging loans via P2P",Property developers,No,@BlendNetwork,FCA Regulated,P2P property lending platform,Web Research
Echo Finance (formerly Glenhawk),https://www.echofinance.co.uk,Bridging Finance,UK (National),Various,Contact via website,"Bridging loans, development finance",Property investors,No,N/A,FCA Regulated,Bridging and development specialist,Exa Search
Growth Lending,https://www.growthlending.com,SME Lender,UK (National),£50k - £2m,Apply online,Business loans for growth,Growth SMEs,No,LinkedIn,FCA Regulated,Growth finance specialist,Capitalise
GapCap,https://www.gapcap.com,SME Lender,UK (National),£50k - £5m,Contact via website,"Business loans, mezzanine finance",Established SMEs,No,@GapCap_UK,FCA Regulated,Gap funding specialist,Capitalise
Got Capital,https://www.gotcapital.co.uk,SME Lender,UK (National),£10k - £250k,Apply online,Unsecured business loans,SMEs,No,N/A,FCA Regulated,Fast unsecured lending,Capitalise
Boost Capital,https://www.boost-capital.co.uk,Finance Broker,UK (National),Various,Contact via website,Broker - access to multiple lenders,All sectors,No,LinkedIn,Not lender - broker,Finance brokerage,Capitalise
Credit4,https://www.credit4.co.uk,Finance Broker,UK (National),Various,Contact via website,Broker - business finance solutions,All sectors,No,LinkedIn,Not lender - broker,Finance brokerage,Capitalise
FGI Finance,https://www.fgifinance.co.uk,Asset Finance Broker,UK (National),Various,Contact via website,Asset finance brokerage,SMEs,No,LinkedIn,Not lender - broker,Asset finance broker,Capitalise
Fiduciam,https://www.fiduciam.com,Finance Broker,UK (National),Various,Contact via website,Business finance brokerage,SMEs,No,LinkedIn,Not lender - broker,Finance consultancy and brokerage,Capitalise
Haydock Finance,https://www.haydockfinance.co.uk,Asset Finance,UK (National),Various,Contact via website,"Asset finance, vehicle finance",SMEs,No,LinkedIn,FCA Regulated,Independent asset finance,Capitalise
Hydr (formerly Ebury),https://www.hydr.com,FX & Trade Finance,"UK, International",Various,Apply online,"FX, international payments, trade finance",Businesses trading internationally,No,@Hydr,FCA Regulated,Fintech for cross-border finance,Capitalise
Caple,https://www.caple.co.uk,Revenue Finance,UK (National),£10k - £2m,Apply online,Revenue-based finance,"SaaS, subscription businesses",No,@Caple_Finance,FCA Regulated,Non-dilutive growth capital for SaaS,Capitalise
Capital on Tap,https://www.capitalontap.com,Business Credit Cards,"UK, US","Up to £250,000",Apply online,Business credit cards,SMEs,No,@CapitalOnTap,FCA Regulated,Leading business credit card provider,Capitalise
Cubefunder,https://www.cubefunder.com,Fintech Lender,UK (National),Various,Apply online,Business loans,SMEs,No,N/A,FCA Regulated,Online business lending,Capitalise
Infund,https://www.infund.co.uk,Invoice Finance,UK (National),Various,Contact via website,Invoice finance,SMEs,No,LinkedIn,FCA Regulated,Invoice finance provider,Capitalise
Iron Bridge Finance,https://www.ironbridgefinance.co.uk,Development Finance,UK (National),Various,Contact via website,"Development finance, bridging",Property developers,No,LinkedIn,FCA Regulated,Property finance specialist,Capitalise
Blazehill Capital,https://www.blazehillcapital.com,Development Finance,UK (National),Various,Contact via website,Development finance,Property developers,No,LinkedIn,FCA Regulated,Development finance specialist,Capitalise
Breal Zeta CF,https://www.breal.co.uk,Development Finance,UK (National),Various,Contact via website,"Development finance, bridging",Property,No,LinkedIn,FCA Regulated,Property finance,Capitalise
Creative Capital,https://www.creativecapital.co.uk,Asset Finance,UK (National),Various,Contact via website,Asset finance,SMEs,No,LinkedIn,FCA Regulated,Asset finance provider,Capitalise
Barclays (Trade & Working Capital),https://www.barclayscorporate.com,Major Bank,"UK, International",Various,Relationship banking,"Trade finance, export finance, working capital","Corporate, SMEs",No,@Barclays,FCA Regulated (Bank),"Award-winning trade finance team, iPortal platform",Exa Search
HSBC UK (Trade Finance),https://www.hsbc.co.uk/business,Major Bank,"UK, International",Various,Relationship banking,"Export invoice finance, import/export loans, trade finance",International traders,No,@HSBC_UK,FCA Regulated (Bank),Global trade expertise in 200+ countries,Exa Search
NatWest (Trade Finance),https://www.natwest.com/business,Major Bank,UK (National),Various,Relationship banking,"Trade loans, trade discounting, supplier chain finance","Exporters, importers",No,@NatWest_Help,FCA Regulated (Bank),Dedicated export trade specialists,Exa Search
Santander UK (Trade Finance),https://www.santander.co.uk/business,Major Bank,"UK, International",Various,Relationship banking,"Trade finance solutions, letters of credit",International traders,No,@santanderukhelp,FCA Regulated (Bank),Dedicated trade finance team,Exa Search
Royal Bank of Scotland (Trade),https://www.rbs.co.uk/business,Major Bank,UK (focus Scotland),Various,Relationship banking,"Export finance, trade loans, trade discounting",Exporters,No,@RBS_Help,FCA Regulated (Bank),Part of NatWest Group,Exa Search
Ulster Bank (Trade Finance),https://digital.ulsterbank.co.uk/business,Major Bank,"Northern Ireland, ROI",Various,Relationship banking,"Global trade finance, letters of credit, bonds",International traders,No,@UlsterBank_Help,FCA Regulated (Bank),Market-leading online trade platform,Exa Search
Lloyds Bank (Trade Finance),https://www.lloydsbank.com/business,Major Bank,UK (National),Various,Relationship banking,"Trade finance, export finance","Exporters, importers",No,@AskLloydsBank,FCA Regulated (Bank),Major UK bank trade division,Web Research
British Business Bank,https://www.british-business-bank.co.uk,Development Bank,UK (National),Via partners,Via accredited lenders,"Start Up Loans, Recovery Loan Scheme, ENABLE guarantees","SMEs, startups",No,@BritishBBank,Government-owned,"State-owned economic development bank, £10bn+ deployed",Web Research
UK Export Finance (UKEF),https://www.ukexportfinance.gov.uk,Export Credit Agency,UK (National),£1m - £200m+,Via banks or direct,"Export working capital, buyer credit, export insurance, bonds",UK exporters of all sizes,No,@UKEF,Government department,"£8.8bn support in 2023-24, general export facility up to £25m",Exa Search
4Syte,https://www.4sytefunding.co.uk,Invoice Finance,UK (National),Various,Contact via website,"Invoice finance, invoice discounting, construction finance","All sectors, construction",No,N/A,FCA Regulated,Includes 4Syte Funding and 4Syte Construction,FundInvoice List
Accelerated Payments,N/A,Invoice Finance,UK (National),Various,Contact via website,Invoice finance,SMEs,No,N/A,FCA Regulated,Invoice finance provider,FundInvoice List
Accident Credit Group,https://www.accidentcreditgroup.com,Invoice Finance,UK (National),Various,Contact via website,Invoice finance for accident repair,"Body shops, accident repair",No,N/A,FCA Regulated,Specialist in accident repair sector,FundInvoice List
AIB Commercial Finance,https://aib.co.uk/commercial-finance,Invoice Finance,"UK, Ireland",Various,Contact via website,"Invoice finance, asset based lending",SMEs,No,@AIBGB,FCA Regulated,Part of AIB Group,FundInvoice List
Aldermore Bank,https://www.aldermore.co.uk,Invoice Finance / Bank,UK (National),Up to £25m,Contact via website,"Invoice finance, asset finance, trade finance",SMEs,No,@Aldermore,FCA Regulated (Bank),Alternative bank specializing in SMEs,FundInvoice List
Arbuthnot Commercial ABL,https://www.arbuthnotlatham.co.uk,Asset Based Lending,UK (National),£250k+,Contact via website,"Asset based lending, invoice finance",Mid-market businesses,No,@ArbuthnothLath,FCA Regulated,"Launched 26/02/18, part of Arbuthnot Banking Group",FundInvoice List
Bank of Ireland Commercial Finance,https://www.bankofireland.com/business/,Invoice Finance,"UK, Ireland",Various,Contact via website,"Invoice finance, asset based lending","SMEs, corporates",No,@talktoBOI,FCA Regulated,Belfast & Dublin operations,FundInvoice List
Barclays Trade & Working Capital,https://www.barclayscorporate.com,Invoice Finance / Bank,"UK, International",Various,Relationship banking,"Invoice finance, asset based lending, trade finance","Corporate, SMEs",No,@Barclays,FCA Regulated (Bank),"Formerly Barclays Commercial Services, award-winning",FundInvoice List
Berkeley Trade Finance,https://www.berkeleytf.com,Trade Finance,UK (National),Various,Contact via website,"Trade finance, invoice finance","Exporters, importers",No,LinkedIn,FCA Regulated,Launched May 2019,FundInvoice List
Bibby Financial Services,https://www.bibbyfinancialservices.com,Invoice Finance,"UK, Europe, Asia",Various,0800 159 6168,"Invoice finance, invoice discounting, asset finance, bad debt protection","300+ industries, 8,500+ businesses",No,@bibbyfs,FCA Regulated,"40+ years, family owned, one of UK's largest independent, multiple entities",FundInvoice List
BNP Paribas Commercial Finance,https://www.bnpparibas.co.uk,Invoice Finance,"UK, International",Large tickets,Contact via website,"Invoice finance, asset based lending","Corporate, large SMEs",No,@BNPParibas_UK,FCA Regulated,Now includes Fortis Commercial Finance,FundInvoice List
Cashbook Finance,N/A,Invoice Finance,UK (National),Various,Contact via website,Invoice finance,SMEs,No,N/A,FCA Regulated,Invoice finance provider,FundInvoice List
Cash Direct UK,N/A,Invoice Finance,UK (National),Various,Contact via website,Invoice finance,SMEs,No,N/A,FCA Regulated,Invoice finance provider,FundInvoice List
Castlebridge Finance,N/A,Invoice Finance,UK (National),Various,Contact via website,Invoice finance,SMEs,No,N/A,FCA Regulated,Acquired Castle Business Finance (now in admin),FundInvoice List
Channel Capital Advisors,N/A,Invoice Finance,UK (National),Various,Contact via website,Invoice finance advisory,SMEs,No,N/A,FCA Regulated,Invoice finance advisors,FundInvoice List
Close Brothers Invoice Finance,https://www.closeinvoice.co.uk,Invoice Finance,UK (National),£750k+ turnover min,0127 305 9530,"Invoice discounting, factoring, asset based lending, bad debt protection","All sectors, min £750k turnover",No,@CloseBrothers,FCA Regulated,"Award-winning 12 consecutive years, part of Close Brothers Group, 2,000+ clients","FundInvoice List, Expert Market #9"
Convenient Capital,N/A,Invoice Finance,UK (National),Various,Contact via website,Invoice finance,SMEs,No,N/A,FCA Regulated,Invoice finance provider,FundInvoice List
Convertibill,N/A,Invoice Finance,UK (National),Various,Contact via website,Invoice finance,SMEs,No,N/A,FCA Regulated,Invoice finance provider,FundInvoice List
Creative Capital,https://www.creativecapital.co.uk,Invoice Finance,UK (National),Various,Contact via website,"Invoice finance, asset finance",SMEs,No,LinkedIn,FCA Regulated,Invoice and asset finance provider,FundInvoice List
Danske Bank,https://danskebank.co.uk/business,Invoice Finance / Bank,"UK, Northern Ireland",Various,Contact via website,"Invoice finance, asset finance","SMEs, corporates",No,@DanskeBankUK,FCA Regulated (Bank),Danish bank with UK operations,FundInvoice List
eCapital Commercial Finance,https://www.ecapital.com,Invoice Finance,"UK, US, Canada",Various,Contact via website,"Invoice finance, asset based lending","SMEs, mid-market",No,@eCapitalCorp,FCA Regulated,"Formerly Advantedge/Factor21, acquired Optimum Finance Oct 2024, includes Henry Howard Cashflow",FundInvoice List
Fair Finance,N/A,Invoice Finance,UK (National),Various,Contact via website,Invoice finance,SMEs,No,N/A,FCA Regulated,Invoice finance provider,FundInvoice List
FGI Finance,https://www.fgifinance.co.uk,Invoice Finance Broker,UK (National),Various,Contact via website,Invoice finance brokerage,SMEs,No,LinkedIn,Not lender - broker,Invoice finance broker,FundInvoice List
FI Capital,N/A,Invoice Finance,UK (National),Various,Contact via website,Invoice finance,SMEs,No,N/A,FCA Regulated,Invoice finance provider,FundInvoice List
Flex ABL,N/A,Asset Based Lending,UK (National),Various,Contact via website,"Asset based lending, invoice finance",SMEs,No,N/A,FCA Regulated,Asset based lending specialist,FundInvoice List
Flo Group,https://www.flogroup.co.uk,Invoice Finance,UK (National),Various,Contact via website,"Invoice finance, back office solutions",SMEs,No,LinkedIn,FCA Regulated,Includes Flo Backoffice Solutions & Cash Flo,FundInvoice List
Funding Alternative,N/A,Invoice Finance,UK (National),Various,Contact via website,Invoice finance,SMEs,No,N/A,FCA Regulated,Invoice finance provider,FundInvoice List
Giant Finance+,https://www.giantfinanceplus.com,Invoice Finance,UK (National),Various,Contact via website,"Invoice finance, asset finance",SMEs,No,LinkedIn,FCA Regulated,Invoice and asset finance provider,FundInvoice List
Handelsbanken,https://www.handelsbanken.co.uk/business,Invoice Finance / Bank,"UK, International",Various,Contact via website,"Invoice finance, asset finance","SMEs, corporates",No,@Handelsbanken,FCA Regulated (Bank),Swedish bank with UK operations,FundInvoice List
HSBC Invoice Finance (UK),https://www.hsbc.co.uk/business,Invoice Finance / Bank,"UK, International",Various,Contact via website,"Invoice finance, export invoice finance, trade finance","All sizes, international traders",No,@HSBC_UK,FCA Regulated (Bank),Global bank with 200+ country expertise,FundInvoice List
Hydr,https://www.hydr.com,Invoice Finance / FX,"UK, International",Various,Apply online,"Invoice finance, FX, international payments, trade finance",International traders,No,@Hydr,FCA Regulated,Fintech for cross-border finance,FundInvoice List
IGF Group,https://www.igf.co.uk,Invoice Finance,UK (National),Various,Contact via website,"Invoice finance, invoice discounting",SMEs,No,LinkedIn,FCA Regulated,Independent Growth Finance,FundInvoice List
Interface Financial Group (IFG),https://www.ifguk.com,Invoice Finance,"UK, International",Various,Contact via website,"Invoice finance, factoring",SMEs,No,LinkedIn,FCA Regulated,International invoice finance network,FundInvoice List
Investly,https://www.investly.co,Invoice Finance P2P,"UK, Europe",Various,Apply online,P2P invoice finance platform,SMEs,No,LinkedIn,FCA Regulated,P2P invoice financing platform,FundInvoice List
Investec Capital Solutions,https://www.investec.com,Invoice Finance / ABL,"UK, International",Large tickets,Contact via website,"Asset based lending, structured finance","Mid-market, corporate",No,@Investec,FCA Regulated,Formerly Amicus Commercial Finance (before 25/01/18),FundInvoice List
Financefair,https://www.financefair.co.uk,Invoice Finance,UK (National),Various,Contact via website,Invoice finance,SMEs,No,LinkedIn,FCA Regulated,Formerly InvoiceFair / Invoice Fair Limited,FundInvoice List
Jardine Norton,N/A,Invoice Finance,UK (National),Various,Contact via website,Invoice finance,SMEs,No,N/A,FCA Regulated,Invoice finance provider,FundInvoice List
JMK Group,N/A,Invoice Finance,UK (National),Various,Contact via website,Invoice finance,SMEs,No,N/A,FCA Regulated,Invoice finance provider,FundInvoice List
Key Factors,N/A,Invoice Finance,UK (National),Various,Contact via website,"Factoring, invoice finance",SMEs,No,N/A,FCA Regulated,Invoice finance provider,FundInvoice List
Kriya,https://www.kriya.co.uk,Invoice Finance / Fintech,UK (National),£10k - £5m,Apply online,"Invoice finance, business loans, revenue finance",SMEs with invoices/recurring revenue,No,@KriyaFinance,FCA Regulated,"Formerly MarketFinance/MarketInvoice, leading fintech, top rated","FundInvoice List, Expert Market #1"
Leumi ABL,https://www.leumiuk.com,Asset Based Lending,UK (National),£1m - £50m,Contact via website,"Asset based lending, invoice finance","Mid-market, £5m+ turnover",No,LinkedIn,FCA Regulated,"Israeli bank UK operations, ABL specialist",FundInvoice List
Liquid Link,N/A,Invoice Finance,UK (National),Various,Contact via website,Invoice finance,SMEs,No,N/A,FCA Regulated,Part of Liquid Friday Group,FundInvoice List
Lloyds Bank Commercial Finance,https://www.lloydsbank.com/business,Invoice Finance / Bank,UK (National),Various,Contact via website,"Invoice finance, asset based lending","SMEs, corporates",No,@AskLloydsBank,FCA Regulated (Bank),"Formerly Alex Lawrie Factors, includes Cash Friday",FundInvoice List
Metro Bank SME Finance,https://www.metrobank.co.uk/business,Invoice Finance / Bank,UK (National),Up to 90% advance,Contact via website,"Invoice finance, factoring",SMEs,No,@Metro_Bank,FCA Regulated (Bank),"Formerly SME Invoice Finance, zero cancellation penalties","FundInvoice List, Expert Market #4"
My Muse,N/A,Invoice Finance,UK (National),Various,Contact via website,"Invoice finance, innovation finance","SMEs, startups",No,N/A,FCA Regulated,"Muse Corporation trading as, includes Innovation Finance",FundInvoice List
Nucleus Commercial Finance,https://www.nucleuscommercial.com,Invoice Finance / MCA,UK (National),£3k - £300k,Apply online,"Invoice finance, merchant cash advance",SMEs,No,@NucleusComFin,FCA Regulated,Invoice finance and MCA provider,FundInvoice List
Novuna Business Cash Flow,https://www.novunabusinessfinance.co.uk,Invoice Finance,UK (National),Various,Contact via website,"Invoice finance, asset finance",SMEs,No,@NovunaUK,FCA Regulated,Formerly Hitachi Capital,FundInvoice List
Optimum Finance,https://www.optimumfinance.co.uk,Invoice Finance,UK (National),Various,Contact via website,"Invoice finance, asset finance",SMEs,No,LinkedIn,FCA Regulated,Became part of eCapital in October 2024,FundInvoice List
Panel Financial,N/A,Invoice Finance,UK (National),Various,Contact via website,Invoice finance,SMEs,No,N/A,FCA Regulated,Invoice finance provider,FundInvoice List
Paragon Bank Business Finance,https://www.paragonbankinggroup.co.uk,Invoice Finance / Bank,UK (National),Various,Contact via website,"Invoice finance, asset finance",SMEs,No,@ParagonBankPLC,FCA Regulated (Bank),Formerly Five Arrows/State Securities,FundInvoice List
Partnership Invoice Finance,N/A,Invoice Finance,UK (National),Various,Contact via website,Invoice finance,SMEs,No,N/A,FCA Regulated,Invoice finance provider,FundInvoice List
Peak Cashflow,N/A,Invoice Finance,UK (National),Various,Contact via website,Invoice finance,SMEs,No,N/A,FCA Regulated,Invoice finance provider,FundInvoice List
Penny,https://www.penny.finance,Spot Factoring / Fintech,UK (National),Various,Apply online,Spot factoring - single invoice funding,"SMEs, freelancers",No,LinkedIn,FCA Regulated,Fintech spot factoring platform,FundInvoice List
Praetura Commercial Finance,https://www.praeturafinancialgroup.co.uk,Invoice Finance,UK (National),Various,Contact via website,"Invoice finance, asset based lending",SMEs,No,LinkedIn,FCA Regulated,Independent commercial finance provider,FundInvoice List
Pulse Finance,N/A,Invoice Finance,UK (National),Various,Contact via website,Invoice finance,SMEs,No,N/A,FCA Regulated,"Formerly Pulse Cashflow Finance, MBO 15/04/25, includes Calverton Finance",FundInvoice List
Quba Solutions,N/A,Invoice Finance,UK (National),Various,Contact via website,Invoice finance,SMEs,No,N/A,FCA Regulated,Invoice finance provider,FundInvoice List
Qube Financing,N/A,Invoice Finance,UK (National),Various,Contact via website,Invoice finance,SMEs,No,N/A,FCA Regulated,Invoice finance provider,FundInvoice List
Raise,N/A,Invoice Finance,UK (National),Various,Contact via website,Invoice finance,SMEs,No,N/A,FCA Regulated,1ST PS Limited rebranded in 2022,FundInvoice List
RBS Invoice Finance,https://www.rbs.co.uk/business,Invoice Finance / Bank,UK (focus Scotland),Up to 90% advance,Relationship banking,"Invoice finance (FacFlow), export finance, trade finance","SMEs, exporters",No,@RBS_Help,FCA Regulated (Bank),"Part of NatWest Group, dedicated support","FundInvoice List, Expert Market #5"
Recruitment Funding Solutions,N/A,Invoice Finance,UK (National),Various,Contact via website,Invoice finance for recruitment,Recruitment agencies,No,N/A,FCA Regulated,Specialist recruitment sector finance,FundInvoice List
Redd Factors,N/A,Invoice Finance,UK (National),Various,Contact via website,"Factoring, invoice finance",SMEs,No,N/A,FCA Regulated,Invoice finance provider,FundInvoice List
Regency Factors,N/A,Invoice Finance,UK (National),Various,Contact via website,"Factoring, invoice finance",SMEs,No,N/A,FCA Regulated,Acquired Inksmoor/Acuity,FundInvoice List
Reward Finance Group,N/A,Invoice Finance,UK (National),Various,Contact via website,Invoice finance,SMEs,No,N/A,FCA Regulated,Invoice finance provider,FundInvoice List
Sallyport Commercial Finance,N/A,Invoice Finance,UK (National),Various,Contact via website,"Invoice finance, asset based lending",SMEs,No,N/A,FCA Regulated,Commercial finance provider,FundInvoice List
Santander Invoice Finance,https://www.santander.co.uk/business,Invoice Finance / Bank,"UK, International",Various,Relationship banking,"Invoice finance, trade finance","SMEs, corporates",No,@santanderukhelp,FCA Regulated (Bank),Major bank invoice finance division,FundInvoice List
Satago,https://www.satago.com,Invoice Finance / Fintech,UK (National),Various,Apply online,"Invoice finance, credit management",SMEs,No,@SatagoUK,FCA Regulated,Fintech invoice finance platform,FundInvoice List
Secure Trust Bank Commercial Finance,https://www.securetrustbank.com,Invoice Finance / Bank,UK (National),Various,Contact via website,"Invoice finance, asset finance",SMEs,No,@SecureTrust,FCA Regulated (Bank),Part of Arbuthnot Banking Group,FundInvoice List
Select Invoice Finance,N/A,Invoice Finance,UK (National),Various,Contact via website,Selective invoice finance,SMEs,No,N/A,FCA Regulated,Selective invoice finance specialist,FundInvoice List
Shawbrook Bank,https://www.shawbrook.co.uk,Invoice Finance / Bank,UK (National),Various,Contact via website,"Invoice finance, asset finance",SMEs,No,@ShawbrookBank,FCA Regulated (Bank),Includes Centric Commercial Finance (acquired 2014),FundInvoice List
Shire Invoice Finance,https://www.fundyourinvoice.co.uk,Invoice Finance,UK (National),Various,Contact via website,Invoice finance,SMEs,No,N/A,FCA Regulated,Also trading as FundYourInvoice,FundInvoice List
Silverburn Finance,N/A,Invoice Finance,UK (National),Various,Contact via website,Invoice finance,SMEs,No,N/A,FCA Regulated,Invoice finance provider,FundInvoice List
Skipton Business Finance,https://www.skiptonbusinessfinance.co.uk,Invoice Finance,UK (National),Up to 90% advance,0800 0854150,"Invoice factoring, invoice discounting, white label, CHOCs",All sectors,No,@SkiptonBS,FCA Regulated,"Backed by Skipton Building Society, UK Finance member, interest-free options","FundInvoice List, Expert Market #3"
Sonovate,https://www.sonovate.com,Invoice Finance,UK (National),Up to 100% advance,Apply online,"Invoice finance for recruitment, back office outsourcing",Recruitment agencies,No,@Sonovate,FCA Regulated,Specialist recruitment back office and funding,"FundInvoice List, Expert Market #7"
Tandem Invoice Finance,N/A,Invoice Finance,UK (National),Various,Contact via website,Invoice finance,SMEs,No,N/A,FCA Regulated,Invoice finance provider,FundInvoice List
Team Factors,N/A,Invoice Finance,UK (National),Various,Contact via website,"Factoring, invoice finance",SMEs,No,N/A,FCA Regulated,Acquired Apollo Business Finance 2024,FundInvoice List
Time Finance,https://www.timefinance.com,Invoice Finance,UK (National),Various,Contact via website,"Invoice finance, asset finance",SMEs,No,@TimeFinancePLC,FCA Regulated,Includes Gener8 Finance and Positive Cashflow Finance,FundInvoice List
Tradeplus24,https://www.tradeplus24.com,Invoice Finance,"UK, Europe",Various,Apply online,"Invoice finance, trade finance","Exporters, importers",No,LinkedIn,FCA Regulated,International trade and invoice finance,FundInvoice List
Triver,N/A,Invoice Finance,UK (National),Various,Contact via website,Invoice finance,SMEs,No,N/A,FCA Regulated,Invoice finance provider,FundInvoice List
Ultimate Finance Group,https://www.ultimatefinance.co.uk,Invoice Finance,UK (National),£25k - £1m,Contact via website,"Invoice finance, trade finance, asset finance",UK exporters and SMEs,No,N/A,FCA Regulated,"Includes Ashley Commercial/Ashley Finance, trade finance specialist",FundInvoice List
Virgin Money,https://uk.virginmoney.com/business,Invoice Finance / Bank,UK (National),Various,Contact via website,"Invoice finance, business banking",SMEs,No,@VirginMoney,FCA Regulated (Bank),Part of Nationwide Group,FundInvoice List
WeDo Finance,N/A,Invoice Finance,UK (National),Various,Contact via website,Invoice finance,SMEs,No,N/A,FCA Regulated,Invoice finance provider,FundInvoice List
White Oak UK,https://www.whiteoakuk.com,Invoice Finance / ABL,"UK, International",£500k - £75m,Contact via website,"Asset based lending, invoice finance","Mid-market, corporate",No,LinkedIn,FCA Regulated,Global ABL and invoice finance provider,FundInvoice List
Workwell Outsourcing (EasyPay),N/A,Invoice Finance,UK (National),Various,Contact via website,"Invoice finance, payroll outsourcing",SMEs,No,N/A,FCA Regulated,Invoice finance with payroll services,FundInvoice List
Yoru Factor,N/A,Invoice Finance,UK (National),Various,Contact via website,"Factoring, invoice finance",SMEs,No,N/A,FCA Regulated,Invoice finance provider,FundInvoice List
Zodeq,https://www.zodeq.com,Invoice Finance / Fintech,UK (National),Various,Apply online,Invoice finance platform,SMEs,No,LinkedIn,FCA Regulated,Fintech invoice finance platform,FundInvoice List
Growth Lending,https://www.growthlending.com,Invoice Finance / SME Lender,UK (National),£50k - £2m,Apply online,"Invoice finance, business loans for growth","Growth SMEs, international businesses",No,LinkedIn,FCA Regulated,"Absorbed GapCap, specialist in growth finance","FundInvoice List, Expert Market #2"
Close Brothers Asset Finance,https://www.closeassetfinance.co.uk,Asset Finance,UK (National),£750k+ turnover min,Contact via website,"Asset finance, vehicle finance, equipment finance",All sectors,No,@CloseBrothers,FCA Regulated,"Award-winning, part of Close Brothers Group",Asset Finance Research
Lombard (NatWest),https://www.lombardcommercial.co.uk,Asset Finance / Bank,UK (National),Various,Contact via website,"Asset finance, vehicle finance, equipment leasing",All sectors,No,@NatWest_Help,FCA Regulated (Bank),"Part of NatWest Group, major UK asset finance provider",Asset Finance Research
Hitachi Capital (Novuna),https://www.novunabusinessfinance.co.uk,Asset Finance,UK (National),Various,Contact via website,"Asset finance, equipment finance, vehicle finance",All sectors,No,@NovunaUK,FCA Regulated,"Rebranded from Hitachi Capital, major asset finance provider",Asset Finance Research
Siemens Financial Services,https://www.siemensfinancialservices.co.uk,Asset Finance,UK (National),Various,0208 422 7101,"Equipment finance, IT finance, industrial equipment","Manufacturing, healthcare, infrastructure",No,LinkedIn,FCA Regulated,Global equipment finance specialist,Asset Finance Research
BNP Paribas Leasing Solutions,https://leasingsolutions.bnpparibas.co.uk,Asset Finance,"UK, Ireland",Various,Contact via website,"Equipment leasing, asset finance, sustainable finance",Multiple sectors,No,@BNPParibasLS_UK,FCA Regulated,"50 years UK experience, multi-award winning, focus on green finance",Asset Finance Research
De Lage Landen,https://www.delagelanden.com,Asset Finance,"UK, Global (30+ countries)",Various,01923 810039,"Vendor finance, equipment leasing, car leasing, factoring","Food, agribusiness, technology, healthcare",No,LinkedIn,FCA Regulated,"100% owned by Rabobank (AAA rated), global provider",Asset Finance Research
Aldermore Bank,https://www.aldermore.co.uk,Asset Finance / Bank,UK (National),Up to £25m,Contact via website,"Asset finance, invoice finance, trade finance",SMEs,No,@Aldermore,FCA Regulated (Bank),Challenger bank specializing in SMEs,Asset Finance Research
Shawbrook Bank,https://www.shawbrook.co.uk,Asset Finance / Bank,UK (National),Various,Contact via website,"Asset finance, equipment finance, commercial mortgages",SMEs,No,@ShawbrookBank,FCA Regulated (Bank),Includes Centric Commercial Finance,Asset Finance Research
Paragon Bank,https://www.paragonbankinggroup.co.uk,Asset Finance / Bank,UK (National),Various,Contact via website,"Asset finance, equipment finance",SMEs,No,@ParagonBankPLC,FCA Regulated (Bank),Major UK specialist bank,Asset Finance Research
Lloyds Bank Commercial Finance,https://www.lloydsbank.com/business,Asset Finance / Bank,UK (National),Various,Contact via website,"Asset finance, equipment finance, vehicle finance",All sectors,No,@AskLloydsBank,FCA Regulated (Bank),Major high street bank asset finance division,Asset Finance Research
Barclays Asset Finance,https://www.barclays.com,Asset Finance / Bank,UK (National),Various,Contact via website,"Asset finance, equipment finance, vehicle finance",All sectors,No,@Barclays,FCA Regulated (Bank),Major high street bank asset finance division,Asset Finance Research
HSBC Asset Finance,https://www.hsbc.co.uk/business,Asset Finance / Bank,"UK, International",Various,Contact via website,"Asset finance, equipment finance, export finance",All sectors,No,@HSBC_UK,FCA Regulated (Bank),Global bank asset finance division,Asset Finance Research
Santander Asset Finance,https://www.santander.co.uk/business,Asset Finance / Bank,"UK, International",Various,Contact via website,"Asset finance, equipment finance, structured finance",Multiple sectors,No,@santanderukhelp,FCA Regulated (Bank),Major bank with £5bn+ asset finance portfolio,Asset Finance Research
RBS Asset Finance,https://www.rbs.co.uk/business,Asset Finance / Bank,UK (National),Various,Contact via website,"Asset finance, equipment finance, structured finance",All sectors,No,@RBS_Help,FCA Regulated (Bank),Part of NatWest Group,Asset Finance Research
Secure Trust Bank Commercial Finance,https://www.securetrustbank.com,Asset Finance / Bank,UK (National),Various,Contact via website,"Asset finance, invoice finance",SMEs,No,@SecureTrust,FCA Regulated (Bank),Part of Arbuthnot Banking Group,Asset Finance Research
Bibby Financial Services,https://www.bibbyfinancialservices.com,Asset Finance,"UK, Europe, Asia",Various,0113 391 9100,"Asset finance, equipment leasing, invoice finance",Multiple sectors,No,@bibbyfs,FCA Regulated,"40+ years, family owned, large independent",Asset Finance Research
Shire Leasing,https://www.shireleasing.co.uk,Asset Finance,UK (National),£5k - £500k,01827 68939,"Equipment finance, IT, catering, furniture, telecoms",Multiple sectors,No,LinkedIn,FCA Regulated,"Both funder and broker, instant decisions, same day payouts",Asset Finance Research
Syscap,https://www.syscap.com,Asset Finance / IT Finance,UK (National),Various,0208 254 1806,"IT finance, technology leasing","All sectors, esp. tech",No,LinkedIn,FCA Regulated,"UK's leading independent IT finance provider, 15+ years",Asset Finance Research
Key Equipment Finance,https://www.kefonline.eu,Asset Finance,"UK, Europe",$14.9bn portfolio,01344 627470,"Technology equipment financing, vendor finance",Technology sector,No,LinkedIn,FCA Regulated,"Global company, 30+ years in leasing, $14.9bn portfolio",Asset Finance Research
Bluestone Leasing,https://www.bluestoneleasing.com,Asset Finance,UK (National),£1k - multi-million,01924 248800,"Technology finance, IT, telecoms, furniture, fit-out","Professional, private, public sector",No,LinkedIn,FCA Regulated,"4,000+ customers, 1,200+ partners, represents 25+ funders",Asset Finance Research
Reality Finance Solutions,https://www.realityfinance.com,Asset Finance / IT Finance,UK (National),Various,0845 170 4000,IT and hi-tech finance,Technology sector,No,LinkedIn,FCA Regulated,Leading IT finance provider,Asset Finance Research
Hanover Asset Finance,https://www.hfg.co.uk,Asset Finance,UK (National),Various,020 7902 8503,"Small and large ticket vendor finance, equipment finance",Multiple sectors,No,LinkedIn,FCA Regulated,Specialist in imaginative asset finance solutions,Asset Finance Research
Admiral Leasing,https://www.admiral-leasing.co.uk,Asset Finance,"UK, Ireland",£500 - any limit,0161 628 7008,"Vendor finance, equipment finance",All sectors,No,LinkedIn,FCA Regulated,Vendor finance packages for manufacturers and dealers,Asset Finance Research
Time Finance,https://www.timefinance.com,Asset Finance,UK (National),Various,Contact via website,"Asset finance, equipment finance, invoice finance",SMEs,No,@TimeFinancePLC,FCA Regulated,Includes Gener8 Finance,Asset Finance Research
Deutsche Leasing UK,https://www.deutscheleasing.co.uk,Asset Finance,UK (National),Various,01737 232900,"Equipment leasing, vendor finance",Multiple sectors,No,LinkedIn,FCA Regulated,Part of German Sparkassen-Finanzgruppe,Asset Finance Research
ING Lease UK,https://www.inglease.co.uk,Asset Finance,"UK, Europe (13 countries)",€13bn+ portfolio,0870 998 6100,"Equipment leasing, vendor finance",Multiple sectors,No,LinkedIn,FCA Regulated,Top 5 European leasing company,Asset Finance Research
Arbuthnot Commercial ABL,https://www.arbuthnotlatham.co.uk,Asset Based Lending,UK (National),£250k+,Contact via website,"Asset based lending, equipment finance",Mid-market businesses,No,@ArbuthnothLath,FCA Regulated,"Part of Arbuthnot Banking Group, launched 2018",Asset Finance Research
Leumi ABL,https://www.leumiuk.com,Asset Based Lending,UK (National),£1m - £50m,Contact via website,"Asset based lending, equipment finance","Mid-market, £5m+ turnover",No,LinkedIn,FCA Regulated,"Israeli bank UK operations, ABL specialist",Asset Finance Research
White Oak UK,https://www.whiteoakuk.com,Asset Based Lending,"UK, International",£500k - £75m,Contact via website,"Asset based lending, equipment finance","Mid-market, corporate",No,LinkedIn,FCA Regulated,Global ABL provider,Asset Finance Research
Investec Capital Solutions,https://www.investec.com,Asset Based Lending,"UK, International",Large tickets,Contact via website,"Asset based lending, structured finance","Mid-market, corporate",No,@Investec,FCA Regulated,Formerly Amicus Commercial Finance,Asset Finance Research
FAS Capital,https://www.fascap.co.uk,Asset Finance,UK (National),Small ticket,0845 456 4495,"Small ticket lease funding, sales aid schemes",Multiple sectors,No,LinkedIn,FCA Regulated,Works with UK lease brokers,Asset Finance Research
Manta Finance,https://mantafinance.com,Asset Finance,UK (National),Various,08701 211280,"Commercial finance, equipment leasing",Multiple sectors,No,LinkedIn,FCA Regulated,One-stop shop for commercial finance,Asset Finance Research
Cantora Leasing Services,https://www.cantora.co.uk,Asset Finance,UK (National),Various,01491 577655,"Office furniture, fit-out financing, franchise finance","Office, franchise sectors",No,LinkedIn,FCA Regulated,Asset finance intermediary specialist,Asset Finance Research
Pitney Bowes Finance,https://www.pitneybowes.co.uk,Asset Finance,UK (National),Various,08702 410860,"Equipment finance, technology finance",Multiple sectors,No,LinkedIn,FCA Regulated,Global equipment finance provider,Asset Finance Research
ECF Asset Finance,https://www.ecfgroup.co.uk,Asset Finance,UK (National),Various,01625 549652,"Equipment finance, property finance",SMEs,No,LinkedIn,FCA Regulated,Independent asset finance provider,Asset Finance Research
Merchant House Finance,https://www.merchanthousefinance.com,Asset Finance,UK (National),Various,020 7332 2200,"Equipment leasing, asset finance",Multiple sectors,No,LinkedIn,FCA Regulated,Transacting since 1994,Asset Finance Research
CIT Group UK,https://www.cit.com,Asset Finance,"UK, International",Various,01344 383784,"Equipment finance, vendor finance",Multiple sectors,No,LinkedIn,FCA Regulated,Global commercial finance provider,Asset Finance Research
Cisco Systems Capital,https://www.cisco.com,Asset Finance / IT Finance,"UK, International",Various,0208 824 1000,"Technology finance, network equipment",Technology sector,No,@Cisco,FCA Regulated,Focus on emerging markets,Asset Finance Research
Johnson & Johnson Finance,https://www.jnj.com,Asset Finance / Healthcare,UK (National),Various,01344 871199,Medical equipment finance,Healthcare sector,No,@JNJNews,FCA Regulated,Healthcare equipment finance specialist,Asset Finance Research
MAN Financial Services,https://www.manfinancialservices.co.uk,Asset Finance / Vehicle,UK (National),Various,01793 448182,"Commercial vehicle finance, printing press finance","Transport, printing",No,LinkedIn,FCA Regulated,MAN Group asset financing arm,Asset Finance Research
BMW Financial Services GB,https://www.bmw.co.uk/financial-services,Asset Finance / Vehicle,UK (National),Various,08705 050 120,"Vehicle finance, leasing",Automotive,No,@BMW_UK,FCA Regulated,BMW Group financial services,Asset Finance Research
Volkswagen Financial Services,https://www.vwfs.co.uk,Asset Finance / Vehicle,UK (National),Various,01908 485085,"Vehicle finance, leasing",Automotive,No,@VWFS_UK,FCA Regulated,VW Group financial services,Asset Finance Research
Kuflink,https://www.kuflink.com,Property Finance / Bridging,UK (National),£279m+ facilitated,Apply online,"Property bridging loans, development finance, P2P property","Property developers, investors",No,@Kuflink,FCA Regulated,"P2P property lending platform, fast bridging finance",Development Finance Research
Hope Capital,https://www.hopecapital.co.uk,Development Finance / Bridging,UK (National),Various,Contact via website,"Development finance, bridging loans, refurbishment finance",Property developers,No,@HopeCapitalLtd,FCA Regulated,Specialist property finance lender,Development Finance Research
Avamore Capital,https://www.avamorecapital.co.uk,Development Finance / Bridging,UK (National),Various,Contact via website,"Development finance, bridging loans",Property developers,No,LinkedIn,FCA Regulated,Specialist property finance lender,Development Finance Research
CapitalRise,https://www.capitalrise.com,Development Finance / Property,UK (National),£200m+ raised,Apply online (£1k min),"Development finance, property investment, P2P","Prime residential, commercial property",No,LinkedIn,FCA Regulated,"High-end real estate developments, strong returns",Development Finance Research
CrowdProperty,https://www.crowdproperty.com,Development Finance / P2P,UK (National),£800m+ funded,Apply online,"Property development loans, bridging finance, P2P","Property developers, 3,400+ homes built",No,@CrowdProperty,FCA Regulated,"P2P property lender, 7-8% investor returns, perfect repayment record",Development Finance Research
Proplend,https://www.proplend.com,Property Finance,UK (National),Various,Contact via website,"Commercial property loans, secured lending",Commercial property,No,LinkedIn,FCA Regulated,Commercial property lending specialist,Development Finance Research
Shojin,https://www.shojin.co.uk,Development Finance / Property,UK (National),Various,Apply online,"Development finance, mezzanine, equity stakes",Property developers,No,LinkedIn,FCA Regulated,Property crowdfunding platform,Development Finance Research
Together Money,https://www.togethermoney.com,Bridging / Specialist Finance,UK (National),Various,Contact via website,"Bridging loans, specialist mortgages, development finance","Property, specialists",No,@TogetherMoney,FCA Regulated,"Specialist lender, fast bridging loans",Development Finance Research
MT Finance,https://www.mtfinance.com,Bridging / Development,UK (National),Various,Contact via website,"Bridging loans, development finance, refurbishment",Property developers,No,LinkedIn,FCA Regulated,Specialist property finance,Development Finance Research
Funding 365,https://www.funding365.co.uk,Bridging / Development,UK (National),Various,Contact via website,"Bridging loans, development finance",Property investors,No,LinkedIn,FCA Regulated,Fast property finance,Development Finance Research
Fortwell Capital,https://www.fortwellcapital.co.uk,Development Finance,UK (National),Various,Contact via website,"Development finance, land finance",Property developers,No,LinkedIn,FCA Regulated,Specialist development finance,Development Finance Research
Octopus Real Estate,https://www.octopusrealestatelending.com,Development Finance,UK (National),Various,Contact via website,"Development finance, specialist property loans",Property developers,No,@OctopusLegacy,FCA Regulated,Part of Octopus Group,Development Finance Research
United Trust Bank,https://www.utbank.co.uk,Bridging / Development,UK (National),Various,Contact via website,"Bridging loans, development finance, commercial mortgages","Property, SMEs",No,@UnitedTrustBank,FCA Regulated (Bank),Specialist bank focused on SME and property,Development Finance Research
Hampshire Trust Bank,https://www.htb.co.uk,Bridging / Development,UK (National),Various,Contact via website,"Development finance, bridging, specialist mortgages",Property developers,No,@HampshireTrust,FCA Regulated (Bank),Specialist bank for property finance,Development Finance Research
Cynergy Bank,https://www.cynergybank.co.uk,Commercial Finance / Development,UK (National),Various,Contact via website,"Development finance, commercial mortgages, asset finance","Property, SMEs",No,@CynergyBank,FCA Regulated (Bank),Specialist bank for business and property,Development Finance Research
Masthaven Bank,https://www.masthaven.co.uk,Specialist Finance,UK (National),Various,Contact via website,"Specialist mortgages, bridging, development finance",Property specialists,No,@MasthavenBank,FCA Regulated (Bank),Specialist bank,Development Finance Research
OakNorth Bank,https://www.oaknorth.co.uk,Challenger Bank / SME Lender,UK (National),£500k - £50m,Apply online,"Business loans, property finance, AI-powered lending","SMEs, property",No,@OakNorth,FCA Regulated (Bank),"Leading SME bank, unicorn status, AI credit models",Challenger Bank Research
Allica Bank,https://www.allica.bank,Challenger Bank / SME,UK (National),Various,Apply online,"Business banking, savings, commercial mortgages, asset finance",Established SMEs,No,@AllicaBank,FCA Regulated (Bank),"£403m raised, launched 2019, focus on SMEs",Challenger Bank Research
ClearBank,https://www.clear.bank,Clearing Bank / B2B,UK (National),Various,Contact via website,"Clearing services, embedded banking, APIs","Fintechs, businesses",No,@ClearBank,FCA Regulated (Bank),"UK's first new clearing bank in 250+ years, £348m raised",Challenger Bank Research
Starling Bank,https://www.starlingbank.com,Challenger Bank,UK (National),Business banking,App-based,"Business accounts, loans, overdrafts","SMEs, startups",No,@StarlingBank,FCA Regulated (Bank),"Major digital bank, business banking strong",Challenger Bank Research
Monzo,https://www.monzo.com,Challenger Bank,UK (National),Business banking,App-based,"Business accounts, Monzo Flex","SMEs, freelancers",No,@Monzo,FCA Regulated (Bank),"£1.42bn raised, £4.56bn valuation, 2024",Challenger Bank Research
Revolut Business,https://www.revolut.com/business,Fintech / Challenger Bank,"UK, Global",Business accounts,App-based,"Business accounts, multi-currency, expense management","SMEs, international businesses",No,@RevolutApp,FCA Regulated,"£1.27bn raised, UK's most valuable fintech",Challenger Bank Research
Zopa Bank,https://www.zopa.com,Challenger Bank,UK (National),Personal & SME,App-based,"Savings, loans, credit cards","Consumers, SMEs",No,@Zopa,FCA Regulated (Bank),"£80m 2025, world's first P2P lender turned bank, 1m+ customers",Challenger Bank Research
Atom Bank,https://www.atombank.co.uk,Challenger Bank / Business,UK (National),Various,App-based,"Business savings, mortgages",Businesses,No,@atombank,FCA Regulated (Bank),"UK's first app-only bank, founded 2013",Challenger Bank Research
Tandem Bank,https://www.tandem.co.uk,Challenger Bank / Green,UK (National),Various,App-based,"Green lending, savings, mortgages",Eco-focused customers,No,@TandemMoney,FCA Regulated (Bank),"Founded 2013, focus on sustainability",Challenger Bank Research
Metro Bank,https://www.metrobank.co.uk,Challenger Bank,UK (National),Various,Branch & app,"Business banking, SME loans, asset finance",SMEs,No,@Metro_Bank,FCA Regulated (Bank),First new high street bank in 100+ years (2010),Challenger Bank Research
Tide,https://www.tide.co,Fintech / Business Banking,UK (National),Business accounts,App-based,"Business accounts, expense cards, accounting integration","SMEs, freelancers",No,@TideHQ,E-money (FCA),"Leading SME banking app, 500k+ members",Challenger Bank Research
Anna Money,https://www.anna.money,Fintech / Business Banking,UK (National),Business accounts,App-based,"Business accounts, invoicing, accounting","Freelancers, sole traders",No,@annamoney_uk,E-money (FCA),Smart business banking app,Challenger Bank Research
iwoca,https://www.iwoca.co.uk,Fintech / SME Lender,"UK, Germany",£1k - £1m,Apply online,"Flexible credit, business loans, revolving credit",SMEs,No,@iwoca,FCA Regulated,"Leading fintech lender, fast decisions, £3bn+ lent",Challenger Bank Research
Funding Circle,https://www.fundingcircle.com,Fintech / P2P Lender,"UK, US, Europe",£10k - £500k,Apply online,"Business loans, government-backed loans",SMEs,No,@fundingcircle,FCA Regulated,"£16bn lent since 2010, leading P2P lender",Challenger Bank Research
Fleximize,https://www.fleximize.com,Fintech / SME Lender,UK (National),£5k - £500k,Apply online,"Business loans, flexible repayment",SMEs,No,@Fleximize,FCA Regulated,Fast flexible business loans,Challenger Bank Research
Capify,https://www.capify.co.uk,Fintech / MCA,UK (National),£10k - £500k,Apply online,"Merchant cash advance, business loans","Retail, hospitality",No,@CapifyUK,FCA Regulated,Leading MCA provider,Challenger Bank Research
YouLend,https://www.youlend.com,Fintech / Embedded Finance,"UK, Europe, US",Various,Via platforms,"Embedded capital for ecommerce, revenue-based finance","Ecommerce, platforms",No,@YouLend,FCA Regulated,"Embedded finance for Amazon, eBay, etc.",Challenger Bank Research
Liberis,https://www.liberis.com,Fintech / Embedded Finance,"UK, Europe, US",Various,Via partners,"Embedded SME finance, merchant cash advance",SMEs via partners,No,@LiberisUK,FCA Regulated,Leading embedded finance platform,Challenger Bank Research
Kroo Bank,https://www.kroo.com,Challenger Bank / Social,UK (National),Personal banking,App-based,"Social banking, plants trees for customers",Consumers,No,@KrooBank,FCA Regulated (Bank),"Launched 2022, plants 1m trees goal",Challenger Bank Research
Fiinu,https://www.fiinu.com,Fintech / Short-term Lending,UK (National),Short-term loans,App-based,"Short-term borrowing, credit improvement",Consumers,No,LinkedIn,FCA Regulated,Aims to improve credit scores,Challenger Bank Research
UK Export Finance (UKEF),https://www.gov.uk/government/organisations/uk-export-finance,Trade Finance / Government,"UK, International",£8.8bn support (2023-24),020 7271 8010,"Export finance, guarantees, insurance for overseas contracts",UK exporters,No,@UKEF,Government Agency,Government-backed export credit agency,Trade Finance Research
HSBC Trade Finance,https://www.hsbcnet.com,Trade Finance / Bank,"UK, Global (200+ countries)",Various,Contact via website,"Trade finance, export finance, letters of credit, FX","International traders, all sizes",No,@HSBC_UK,FCA Regulated (Bank),Global trade finance leader with 200+ country expertise,Trade Finance Research
Barclays Trade Finance,https://www.barclayscorporate.com,Trade Finance / Bank,"UK, International",Various,Relationship banking,"Trade finance, export/import finance, supply chain finance","Corporate, SMEs",No,@Barclays,FCA Regulated (Bank),Major trade finance provider,Trade Finance Research
NatWest Trade Finance,https://www.natwest.com/business,Trade Finance / Bank,"UK, International",Various,Relationship banking,"Trade finance, export finance, FX","SMEs, corporates",No,@NatWest_Help,FCA Regulated (Bank),Major UK bank trade finance,Trade Finance Research
Santander Trade Finance,https://www.santander.co.uk/business,Trade Finance / Bank,"UK, International",Various,Relationship banking,"Trade finance, export finance, documentary credits","SMEs, corporates",No,@santanderukhelp,FCA Regulated (Bank),Major trade finance provider,Trade Finance Research
Lloyds Bank Trade Finance,https://www.lloydsbank.com/business,Trade Finance / Bank,"UK, International",Various,Relationship banking,"Trade finance, export/import finance, FX","SMEs, corporates",No,@AskLloydsBank,FCA Regulated (Bank),Major trade finance division,Trade Finance Research
Ulster Bank Trade Finance,https://www.ulsterbank.co.uk/business,Trade Finance / Bank,"Northern Ireland, UK",Various,Contact via website,"Trade finance, export finance","SMEs, corporates",No,@UlsterBank_Help,FCA Regulated (Bank),Part of NatWest Group,Trade Finance Research
Berkeley Trade Finance,https://www.berkeleytf.com,Trade Finance,UK (National),Various,Contact via website,"Trade finance, invoice finance","Exporters, importers",No,LinkedIn,FCA Regulated,"Launched May 2019, specialist trade finance",Trade Finance Research
Tradeplus24,https://www.tradeplus24.com,Trade Finance / Invoice,"UK, Europe",Various,Apply online,"Trade finance, invoice finance, international","Exporters, importers",No,LinkedIn,FCA Regulated,International trade and invoice finance platform,Trade Finance Research
Ultimate Finance Group,https://www.ultimatefinance.co.uk,Trade Finance,UK (National),£25k - £1m,Contact via website,"Trade finance, invoice finance, asset finance",UK exporters and SMEs,No,N/A,FCA Regulated,"Includes Ashley Commercial/Ashley Finance, trade specialist",Trade Finance Research
Hydr,https://www.hydr.com,Trade Finance / FX / Fintech,"UK, International",Various,Apply online,"Trade finance, invoice finance, FX, international payments",International traders,No,@Hydr,FCA Regulated,Fintech for cross-border finance,Trade Finance Research
YouLend,https://www.youlend.com,Merchant Cash Advance / Embedded,"UK, Europe, US",£5k - £500k,Via platforms,"Merchant cash advance, embedded capital, revenue finance","Ecommerce sellers (Amazon, eBay, etc.)",No,@YouLend,FCA Regulated,"Leading embedded finance, works with Amazon, eBay, Shopify",MCA Research
Liberis,https://www.liberis.com,Merchant Cash Advance,"UK, Europe, US",Various,Via partners,"Merchant cash advance, embedded SME finance",SMEs via partners,No,@LiberisUK,FCA Regulated,Leading embedded finance platform,MCA Research
Capify,https://www.capify.co.uk,Merchant Cash Advance,UK (National),£10k - £500k,Apply online,"Merchant cash advance, business loans","Retail, hospitality, card-heavy businesses",No,@CapifyUK,FCA Regulated,"Leading MCA provider, repay via card sales %",MCA Research
365 Finance,https://www.365finance.co.uk,Merchant Cash Advance,UK (National),£5k - £500k,Apply online,Merchant cash advance,"Retail, hospitality",No,@365Finance,FCA Regulated,Fast MCA provider,MCA Research
Nucleus Commercial Finance,https://www.nucleuscommercial.com,Merchant Cash Advance / Invoice,UK (National),£3k - £300k,Apply online,"Merchant cash advance, invoice finance",SMEs,No,@NucleusComFin,FCA Regulated,MCA and invoice finance,MCA Research
Kriya,https://www.kriya.co.uk,Revenue Finance / Fintech,UK (National),£10k - £5m,Apply online,"Revenue finance, invoice finance, business loans",SMEs with recurring revenue,No,@KriyaFinance,FCA Regulated,"Formerly MarketFinance, leading fintech, revenue-based finance",MCA Research
Uncapped,https://www.weareuncapped.com,Revenue Finance / Fintech,"UK, Europe",£10k - £5m,Apply online,Revenue-based finance for growth,"High-growth startups, SaaS",No,@weareuncapped,FCA Regulated,"Flexible revenue finance, no equity dilution",MCA Research
Funding Circle,https://www.fundingcircle.com,P2P Business Lending,"UK, US, Europe",£10k - £500k,Apply online,"Business loans, government-backed loans",SMEs,No,@fundingcircle,FCA Regulated,"£16bn lent since 2010, largest UK P2P business lender, now institutional focus",P2P Research
Folk2Folk,https://www.folk2folk.com,P2P Business Lending,UK (National),Secured loans,Apply online,"Secured business loans, property-backed","SMEs, rural businesses",No,LinkedIn,FCA Regulated,"£770m+ lent, 8% investor returns, regional focus, turned profit",P2P Research
Crowd2Fund,https://www.crowd2fund.com,P2P / Crowdfunding,UK (National),Various,Apply online,"Business loans, revenue-sharing, convertible",Growing companies,No,LinkedIn,FCA Regulated,Retail investors fund businesses,P2P Research
CrowdProperty,https://www.crowdproperty.com,P2P Property Lending,UK (National),£800m+ funded,Apply online,"Property development loans, bridging via P2P",Property developers,No,@CrowdProperty,FCA Regulated,"P2P property specialist, perfect repayment record, 7-8% returns",P2P Research
Kuflink,https://www.kuflink.com,P2P Property Lending,UK (National),£279m+ facilitated,Apply online,Property bridging loans via P2P,Property investors,No,@Kuflink,FCA Regulated,P2P property platform,P2P Research
CapitalRise,https://www.capitalrise.com,P2P Property,UK (National),£200m+ raised,Apply online (£1k min),High-end property development P2P,Luxury property developers,No,LinkedIn,FCA Regulated,"Prime property focus, strong returns",P2P Research
Proplend,https://www.proplend.com,P2P Commercial Property,UK (National),Various,Apply online,Commercial property loans via P2P,Commercial property,No,LinkedIn,FCA Regulated,Commercial property P2P,P2P Research
Assetz Capital,https://www.assetzcapital.co.uk,P2P Business & Property,UK (National),Various,Apply online,"Business loans, property loans via P2P","SMEs, property",No,@AssetzCapital,FCA Regulated,Established P2P platform,P2P Research
Plend,https://www.plend.co.uk,P2P Consumer Lending,UK (National),Up to £10k,Apply online,Personal loans via P2P,Consumers,No,LinkedIn,FCA Regulated,"Launched 2022, ethical P2P consumer lending, up to 8% returns",P2P Research
Rebuildingsociety,https://www.rebuildingsociety.com,P2P Business Lending,UK (National),Various,Apply online,Business loans via P2P,SMEs,No,LinkedIn,FCA Regulated,Community P2P lender,P2P Research
Sonovate,https://www.sonovate.com,Recruitment Finance,UK (National),Up to 100% advance,Apply online,"Invoice finance for recruitment, back office",Recruitment agencies,No,@Sonovate,FCA Regulated,Specialist recruitment funding and back office,Specialist Research
Growth Lending,https://www.growthlending.com,Growth Finance,UK (National),£50k - £2m,Apply online,"Invoice finance, growth loans","Growth SMEs, international",No,LinkedIn,FCA Regulated,"Absorbed GapCap, specialist in growth finance",Specialist Research
Lendwise,https://www.lendwise.com,Education Finance,UK (National),Postgraduate loans,Apply online,Student loans for postgrad education,Students,No,LinkedIn,FCA Regulated,Specialist postgrad student loans,Specialist Research
Abundance Investment,https://www.abundanceinvestment.com,Green Finance / Crowdfunding,UK (National),£79m+ invested,Apply online (£5 min),"Renewable energy, green bonds, community projects","Green projects, social housing",No,@AbundanceInvest,FCA Regulated,"UK's first regulated crowdfunding, 4-9% returns, 5,250+ investors",Specialist Research
Triodos Crowdfunding,https://www.triodos.co.uk/crowdfunding,Impact Finance,"UK, Europe",Various,Apply online,"Bonds and shares for charities, renewables, impact","Social enterprises, green projects",No,@TriodosUK,FCA Regulated,Ethical bank crowdfunding platform,Specialist Research
Ethex,https://www.ethex.org.uk,Impact Finance,UK (National),Various,Apply online,"Social impact investments, community energy, fair trade",Social enterprises,No,@Ethex_UK,FCA Regulated,"Social impact investment platform, 2-5% returns",Specialist Research
Mintus,https://www.mintus.com,Art Finance / Alternative Assets,UK (National),High value,Qualified investors,Fractional fine art ownership,Art investors,No,LinkedIn,FCA Regulated,"First FCA-approved fractional art platform, invest in masterpieces",Specialist Research
AxiaFunder,https://www.axiafunder.com,Litigation Finance,UK (National),Various,Contact via website,Litigation funding via crowdfunding,Legal claims,No,LinkedIn,FCA Regulated,"Crowdfund legal claims, high risk/return",Specialist Research
Fleximize,https://www.fleximize.com,SME Unsecured Lending,UK (National),£5k - £500k,Apply online,"Unsecured business loans, flexible repayment",SMEs,No,@Fleximize,FCA Regulated,Fast flexible business loans,Specialist Research
Swoop Funding,https://www.swoopfunding.com,Funding Marketplace,UK (National),Various,Apply online,"Funding matching platform (loans, grants, equity)",SMEs,No,@SwoopFunding,Platform (not lender),"AI-powered funding matching, not a direct lender",Specialist Research
British Business Bank,https://www.british-business-bank.co.uk,Government / SME Finance,UK (National),Various programs,Via accredited lenders,"Growth Guarantee Scheme, Start Up Loans, regional funds",SMEs,No,@British_Bank,Government Agency,"Government-owned, £2.5bn via GGS first year, supports SME lending",Specialist Research