Company Name,Website,Clearbit Logo URL,Category,Domain,@dropdown,Type/Category,Geographic Coverage,Loan Size Range,Email/Phone,Products,Sectors Served,CITR Accredited,LinkedIn/Twitter,FCA Status,Notes,Source
365 Finance,https://www.365finance.co.uk,https://www.google.com/s2/favicons?domain=www.365finance.co.uk&sz=128,Alternative Lender,365finance.co.uk
4Syte,https://www.4sytefunding.co.uk,https://www.google.com/s2/favicons?domain=www.4sytefunding.co.uk&sz=128,Alternative Lender,4sytefunding.co.uk
AIB Commercial Finance,https://aib.co.uk/commercial-finance,https://www.google.com/s2/favicons?domain=aib.co.uk&sz=128,Invoice Finance,aib.co.uk
ART Business Loans,https://www.artbusinessloans.co.uk,https://www.google.com/s2/favicons?domain=www.artbusinessloans.co.uk&sz=128,CDFI,artbusinessloans.co.uk
Abundance Investment,https://www.abundanceinvestment.com,https://www.google.com/s2/favicons?domain=www.abundanceinvestment.com&sz=128,P2P,abundanceinvestment.com
Accelerated Payments,https://acceleratedpayments.com/,https://www.google.com/s2/favicons?domain=acceleratedpayments.com&sz=128,,,,Invoice Finance,UK (National),Various,Contact via website,Invoice finance,SMEs,No,,FCA Regulated,Invoice finance provider,FundInvoice List
Accident Credit Group,https://www.accidentcreditgroup.com,https://www.google.com/s2/favicons?domain=www.accidentcreditgroup.com&sz=128,Specialty Finance,accidentcreditgroup.com
Admiral Leasing,https://www.admiral-leasing.co.uk,https://www.google.com/s2/favicons?domain=www.admiral-leasing.co.uk&sz=128,Asset Finance,admiral-leasing.co.uk
Aldermore,https://www.aldermore.co.uk,https://www.google.com/s2/favicons?domain=www.aldermore.co.uk&sz=128,Asset Finance,aldermore.co.uk
Aldermore Bank,https://www.aldermore.co.uk,https://www.google.com/s2/favicons?domain=www.aldermore.co.uk&sz=128,,,,Asset Finance / Bank,UK (National),Up to £25m,Contact via website,"Asset finance, invoice finance, trade finance",SMEs,No,@Aldermore,FCA Regulated (Bank),Challenger bank specializing in SMEs,Asset Finance Research
Allica Bank,https://www.allica.bank,https://www.google.com/s2/favicons?domain=www.allica.bank&sz=128,Challenger Bank,allica.bank
Anna Money,https://www.anna.money,https://www.google.com/s2/favicons?domain=www.anna.money&sz=128,Challenger Bank,anna.money
Arbuthnot Commercial ABL,https://www.arbuthnotlatham.co.uk,https://www.google.com/s2/favicons?domain=www.arbuthnotlatham.co.uk&sz=128,,,,Asset Based Lending,UK (National),£250k+,Contact via website,"Asset based lending, equipment finance",Mid-market businesses,No,@ArbuthnothLath,FCA Regulated,"Part of Arbuthnot Banking Group, launched 2018",Asset Finance Research
Arbuthnot Latham,https://www.arbuthnot.co.uk,https://www.google.com/s2/favicons?domain=www.arbuthnot.co.uk&sz=128,Private Bank,arbuthnot.co.uk
Artshare (SHARE Limited),https://artbusinessloans.co.uk/,https://www.google.com/s2/favicons?domain=artbusinessloans.co.uk&sz=128,,,,CDFI - Social/Arts,Regional (UK),Various,,Social enterprise finance,Social enterprises,Yes,,FCA Regulated,Social Help Association for Reinvesting in Enterprise,CITR List
Assetz Capital,https://www.assetzcapital.co.uk,https://www.google.com/s2/favicons?domain=www.assetzcapital.co.uk&sz=128,P2P,assetzcapital.co.uk
Atom Bank,https://www.atombank.co.uk,https://www.google.com/s2/favicons?domain=www.atombank.co.uk&sz=128,Challenger Bank,atombank.co.uk
Avamore Capital,https://www.avamo.re,https://www.google.com/s2/favicons?domain=www.avamo.re&sz=128,Development Finance,avamo.re
AxiaFunder,https://www.axiafunder.com,https://www.google.com/s2/favicons?domain=www.axiafunder.com&sz=128,Alternative Lender,axiafunder.com
BCRS Business Loans,https://www.bcrs.org.uk,https://www.google.com/s2/favicons?domain=www.bcrs.org.uk&sz=128,CDFI,bcrs.org.uk
BMW Financial Services GB,https://www.bmw.co.uk/financial-services,https://www.google.com/s2/favicons?domain=www.bmw.co.uk&sz=128,Vendor Finance,bmw.co.uk
BNP Paribas Commercial Finance,https://www.bnpparibas.co.uk,https://www.google.com/s2/favicons?domain=www.bnpparibas.co.uk&sz=128,Bank,bnpparibas.co.uk
BNP Paribas Leasing Solutions,https://leasingsolutions.bnpparibas.co.uk,https://www.google.com/s2/favicons?domain=leasingsolutions.bnpparibas.co.uk&sz=128,Asset Finance,bnpparibas.co.uk
Bank of Ireland Commercial Finance,https://www.bankofireland.com/business/,https://www.google.com/s2/favicons?domain=www.bankofireland.com&sz=128,Bank,bankofireland.com
Barclays,https://www.barclayscorporate.com,https://www.google.com/s2/favicons?domain=www.barclayscorporate.com&sz=128,Major Bank,barclays.com
Barclays (Trade & Working Capital),https://www.barclayscorporate.com,https://www.google.com/s2/favicons?domain=www.barclayscorporate.com&sz=128,,,,Major Bank,"UK, International",Various,Relationship banking,"Trade finance, export finance, working capital","Corporate, SMEs",No,@Barclays,FCA Regulated (Bank),"Award-winning trade finance team, iPortal platform",Exa Search
Barclays Asset Finance,https://www.barclays.com,https://www.google.com/s2/favicons?domain=www.barclays.com&sz=128,,,,Asset Finance / Bank,UK (National),Various,Contact via website,"Asset finance, equipment finance, vehicle finance",All sectors,No,@Barclays,FCA Regulated (Bank),Major high street bank asset finance division,Asset Finance Research
Barclays Trade & Working Capital,https://www.barclayscorporate.com,https://www.google.com/s2/favicons?domain=www.barclayscorporate.com&sz=128,,,,Invoice Finance / Bank,"UK, International",Various,Relationship banking,"Invoice finance, asset based lending, trade finance","Corporate, SMEs",No,@Barclays,FCA Regulated (Bank),"Formerly Barclays Commercial Services, award-winning",FundInvoice List
Barclays Trade Finance,https://www.barclayscorporate.com,https://www.google.com/s2/favicons?domain=www.barclayscorporate.com&sz=128,,,,Trade Finance / Bank,"UK, International",Various,Relationship banking,"Trade finance, export/import finance, supply chain finance","Corporate, SMEs",No,@Barclays,FCA Regulated (Bank),Major trade finance provider,Trade Finance Research
Berkeley Trade Finance,https://www.berkeleytf.com,https://www.google.com/s2/favicons?domain=www.berkeleytf.com&sz=128,Trade Finance,berkeleytf.com
Bibby Financial Services,https://www.bibbyfinancialservices.com,https://www.google.com/s2/favicons?domain=www.bibbyfinancialservices.com&sz=128,Invoice Finance,bibbyfinancialservices.com
Big Issue Invest,https://www.bigissueinvest.com,https://www.google.com/s2/favicons?domain=www.bigissueinvest.com&sz=128,CDFI,bigissueinvest.com
Blazehill Capital,https://www.blazehillcapital.com,https://www.google.com/s2/favicons?domain=www.blazehillcapital.com&sz=128,Alternative Lender,blazehillcapital.com
Blend Network,https://www.blendnetwork.com,https://www.google.com/s2/favicons?domain=www.blendnetwork.com&sz=128,P2P,blendnetwork.com
Bluestone Leasing,https://www.bluestoneleasing.com,https://www.google.com/s2/favicons?domain=www.bluestoneleasing.com&sz=128,Asset Finance,bluestoneleasing.com
Boost Capital,https://www.boost-capital.co.uk,https://www.google.com/s2/favicons?domain=www.boost-capital.co.uk&sz=128,Alternative Lender,boost-capital.co.uk
Breal Zeta CF,https://www.breal.co.uk,https://www.google.com/s2/favicons?domain=www.breal.co.uk&sz=128,Alternative Lender,breal.co.uk
British Business Bank,https://www.british-business-bank.co.uk,https://www.google.com/s2/favicons?domain=www.british-business-bank.co.uk&sz=128,Government,british-business-bank.co.uk
Business Enterprise Fund (BEF),https://www.befund.org,https://www.google.com/s2/favicons?domain=www.befund.org&sz=128,CDFI,befund.org
Business Finance North West,https://www.financenw.org,https://www.google.com/s2/favicons?domain=www.financenw.org&sz=128,CDFI,financenw.org
CIT Group UK,https://www.cit.com,https://www.google.com/s2/favicons?domain=www.cit.com&sz=128,Asset Finance,cit.com
Cantora Leasing Services,https://www.cantora.co.uk,https://www.google.com/s2/favicons?domain=www.cantora.co.uk&sz=128,Asset Finance,cantora.co.uk
Capify,https://www.capify.co.uk,https://www.google.com/s2/favicons?domain=www.capify.co.uk&sz=128,Merchant Cash Advance,capify.co.uk
Capital on Tap,https://www.capitalontap.com,https://www.google.com/s2/favicons?domain=www.capitalontap.com&sz=128,Business Credit Card,capitalontap.com
CapitalRise,https://www.capitalrise.com,https://www.google.com/s2/favicons?domain=www.capitalrise.com&sz=128,Development Finance,capitalrise.com
Capitalise,https://www.capitalise.com,https://www.google.com/s2/favicons?domain=www.capitalise.com&sz=128,Broker,capitalise.com
Caple,https://www.caple.co.uk,https://www.google.com/s2/favicons?domain=www.caple.co.uk&sz=128,Alternative Lender,caple.co.uk
Cash Direct UK,https://cashdirectuk.net/,https://www.google.com/s2/favicons?domain=cashdirectuk.net&sz=128,,,,Invoice Finance,UK (National),Various,Contact via website,Invoice finance,SMEs,No,,FCA Regulated,Invoice finance provider,FundInvoice List
Cashbook Finance,https://www.cashbookfinance.com/,https://www.google.com/s2/favicons?domain=www.cashbookfinance.com&sz=128,,,,Invoice Finance,UK (National),Various,Contact via website,Invoice finance,SMEs,No,,FCA Regulated,Invoice finance provider,FundInvoice List
Castlebridge Finance,https://cbfinance.co.uk/,https://www.google.com/s2/favicons?domain=cbfinance.co.uk&sz=128,,,,Invoice Finance,UK (National),Various,Contact via website,Invoice finance,SMEs,No,,FCA Regulated,Acquired Castle Business Finance (now in admin),FundInvoice List
Catalyst Business Finance,https://www.catalystbf.co.uk,https://www.google.com/s2/favicons?domain=www.catalystbf.co.uk&sz=128,Alternative Lender,catalystbf.co.uk
Chamber Acorn Fund (Humber),https://www.chamberacornfund.com,https://www.google.com/s2/favicons?domain=www.chamberacornfund.com&sz=128,CDFI,chamberacornfund.com
Channel Capital Advisors,https://channelcapital.io/,https://www.google.com/s2/favicons?domain=channelcapital.io&sz=128,,,,Invoice Finance,UK (National),Various,Contact via website,Invoice finance advisory,SMEs,No,,FCA Regulated,Invoice finance advisors,FundInvoice List
Charity Bank,https://www.charitybank.org,https://www.google.com/s2/favicons?domain=www.charitybank.org&sz=128,CDFI,charitybank.org
Cisco Systems Capital,https://www.cisco.com,https://www.google.com/s2/favicons?domain=www.cisco.com&sz=128,Vendor Finance,cisco.com
ClearBank,https://www.clear.bank,https://www.google.com/s2/favicons?domain=www.clear.bank&sz=128,Challenger Bank,clear.bank
Close Brothers,https://www.closebrothers.com,https://www.google.com/s2/favicons?domain=www.closebrothers.com&sz=128,Asset Finance,closebrothers.com
Close Brothers Asset Finance,https://www.closebrothersamf.com,https://www.google.com/s2/favicons?domain=www.closebrothersamf.com&sz=128,Asset Finance,closebrothersamf.com
Close Brothers Invoice Finance,https://www.closeinvoice.co.uk,https://www.google.com/s2/favicons?domain=www.closeinvoice.co.uk&sz=128,Invoice Finance,closeinvoice.co.uk
Clydesdale Bank (Virgin Money),https://www.cbonline.co.uk,https://www.google.com/s2/favicons?domain=www.cbonline.co.uk&sz=128,Bank,cbonline.co.uk
Co-operative & Community Finance,https://coopfinance.coop,https://www.google.com/s2/favicons?domain=coopfinance.coop&sz=128,CDFI,coopfinance.coop
Convenient Capital,https://www.convcap.com/,https://www.google.com/s2/favicons?domain=www.convcap.com&sz=128,,,,Invoice Finance,UK (National),Various,Contact via website,Invoice finance,SMEs,No,,FCA Regulated,Invoice finance provider,FundInvoice List
Convertibill,https://www.convertibill.com/,https://www.google.com/s2/favicons?domain=www.convertibill.com&sz=128,,,,Invoice Finance,UK (National),Various,Contact via website,Invoice finance,SMEs,No,,FCA Regulated,Invoice finance provider,FundInvoice List
Corporate Asset Solutions,https://www.corporateas.co.uk,https://www.google.com/s2/favicons?domain=www.corporateas.co.uk&sz=128,Asset Finance,corporateas.co.uk
Coventry and Warwickshire Reinvestment Trust (CWRT),https://www.cwrt.uk.com,https://www.google.com/s2/favicons?domain=www.cwrt.uk.com&sz=128,CDFI,cwrt.uk.com
Creative Capital,https://www.creativecapital.co.uk,https://www.google.com/s2/favicons?domain=www.creativecapital.co.uk&sz=128,Invoice Finance,creativecapital.co.uk
Credit4,https://www.credit4.co.uk,https://www.google.com/s2/favicons?domain=www.credit4.co.uk&sz=128,Alternative Lender,credit4.co.uk
Crowd2Fund,https://www.crowd2fund.com,https://www.google.com/s2/favicons?domain=www.crowd2fund.com&sz=128,P2P,crowd2fund.com
CrowdProperty,https://www.crowdproperty.com,https://www.google.com/s2/favicons?domain=www.crowdproperty.com&sz=128,Development Finance,crowdproperty.com
Cubefunder,https://www.cubefunder.com,https://www.google.com/s2/favicons?domain=www.cubefunder.com&sz=128,Alternative Lender,cubefunder.com
Cumbria Community Asset and Reinvestment Trust,https://www.enterpriseanswers.co.uk/,https://www.google.com/s2/favicons?domain=www.enterpriseanswers.co.uk&sz=128,,,,CDFI - Commercial Lending,Cumbria,Various,,Business loans,Local businesses,Yes,,FCA Regulated,Regional CDFI,CITR List
Cynergy Bank,https://www.cynergybank.co.uk,https://www.google.com/s2/favicons?domain=www.cynergybank.co.uk&sz=128,Specialist Bank,cynergybank.co.uk
DSL Business Finance,https://www.dsl-businessfinance.co.uk,https://www.google.com/s2/favicons?domain=www.dsl-businessfinance.co.uk&sz=128,CDFI,dsl-businessfinance.co.uk
Danske Bank,https://danskebank.co.uk/business,https://www.google.com/s2/favicons?domain=danskebank.co.uk&sz=128,Bank,danskebank.co.uk
De Lage Landen,https://www.delagelanden.com,https://www.google.com/s2/favicons?domain=www.delagelanden.com&sz=128,Asset Finance,delagelanden.com
Deutsche Leasing UK,https://www.deutscheleasing.co.uk,https://www.google.com/s2/favicons?domain=www.deutscheleasing.co.uk&sz=128,Asset Finance,deutscheleasing.co.uk
Development Bank of Wales,https://developmentbank.wales,https://www.google.com/s2/favicons?domain=developmentbank.wales&sz=128,CDFI,developmentbank.wales
ECF Asset Finance,https://www.ecfgroup.co.uk,https://www.google.com/s2/favicons?domain=www.ecfgroup.co.uk&sz=128,Asset Finance,ecfgroup.co.uk
Echo Finance,https://www.echofinance.co.uk,https://www.google.com/s2/favicons?domain=www.echofinance.co.uk&sz=128,Alternative Lender,echofinance.co.uk
Echo Finance (formerly Glenhawk),https://www.echofinance.co.uk,https://www.google.com/s2/favicons?domain=www.echofinance.co.uk&sz=128,,,,Bridging Finance,UK (National),Various,Contact via website,"Bridging loans, development finance",Property investors,No,,FCA Regulated,Bridging and development specialist,Exa Search
First Enterprise,https://www.first-enterprise.co.uk/,https://www.google.com/s2/favicons?domain=www.first-enterprise.co.uk&sz=128,,first-enterprise.co.uk,,CDFI - Commercial Lending,East Midlands,Various,,Business loans,SMEs,Yes,,FCA Regulated,Regional CDFI,CITR List
Ethex,https://www.ethex.org.uk,https://www.google.com/s2/favicons?domain=www.ethex.org.uk&sz=128,P2P,ethex.org.uk
FAS Capital,https://www.fascap.co.uk,https://www.google.com/s2/favicons?domain=www.fascap.co.uk&sz=128,Asset Finance,fascap.co.uk
FGI Finance,https://www.fgifinance.co.uk,https://www.google.com/s2/favicons?domain=www.fgifinance.co.uk&sz=128,Invoice Finance,fgifinance.co.uk
FI Capital,https://www.ficapital.co.uk/,https://www.google.com/s2/favicons?domain=www.ficapital.co.uk&sz=128,,,,Invoice Finance,UK (National),Various,Contact via website,Invoice finance,SMEs,No,,FCA Regulated,Invoice finance provider,FundInvoice List
Fair Finance,https://fairfinance.org.uk/,https://www.google.com/s2/favicons?domain=fairfinance.org.uk&sz=128,,,,Invoice Finance,UK (National),Various,Contact via website,Invoice finance,SMEs,No,,FCA Regulated,Invoice finance provider,FundInvoice List
Fiduciam,https://www.fiduciam.com,https://www.google.com/s2/favicons?domain=www.fiduciam.com&sz=128,Alternative Lender,fiduciam.com
Fiinu,https://www.fiinu.com,https://www.google.com/s2/favicons?domain=www.fiinu.com&sz=128,Challenger Bank,fiinu.com
Finance for Enterprise (FFE),https://www.ffe.org.uk,https://www.google.com/s2/favicons?domain=www.ffe.org.uk&sz=128,CDFI,ffe.org.uk
Financefair,https://www.financefair.co.uk,https://www.google.com/s2/favicons?domain=www.financefair.co.uk&sz=128,Alternative Lender,financefair.co.uk
Flex ABL,https://www.flexabl.co.uk/,https://www.google.com/s2/favicons?domain=www.flexabl.co.uk&sz=128,,,,Asset Based Lending,UK (National),Various,Contact via website,"Asset based lending, invoice finance",SMEs,No,,FCA Regulated,Asset based lending specialist,FundInvoice List
Fleximize,https://www.fleximize.com,https://www.google.com/s2/favicons?domain=www.fleximize.com&sz=128,Alternative Lender,fleximize.com
Flo Group,https://www.flogroup.co.uk,https://www.google.com/s2/favicons?domain=www.flogroup.co.uk&sz=128,Alternative Lender,flogroup.co.uk
Folk2Folk,https://folk2folk.com/,https://www.google.com/s2/favicons?domain=folk2folk.com&sz=128,P2P,folk2folk.com
Fortwell Capital,https://www.fortwellcapital.co.uk,https://www.google.com/s2/favicons?domain=www.fortwellcapital.co.uk&sz=128,Development Finance,fortwellcapital.co.uk
Funding 365,https://www.funding365.co.uk,https://www.google.com/s2/favicons?domain=www.funding365.co.uk&sz=128,Development Finance,funding365.co.uk
Funding Alternative,https://fundingalternative.co.uk/,https://www.google.com/s2/favicons?domain=fundingalternative.co.uk&sz=128,,,,Invoice Finance,UK (National),Various,Contact via website,Invoice finance,SMEs,No,,FCA Regulated,Invoice finance provider,FundInvoice List
Funding Circle,https://www.fundingcircle.com/uk/,https://www.google.com/s2/favicons?domain=www.fundingcircle.com&sz=128,Alternative Lender,fundingcircle.com
Funding Options,https://www.fundingoptions.com,https://www.google.com/s2/favicons?domain=www.fundingoptions.com&sz=128,Broker,fundingoptions.com
GapCap,https://www.gapcap.com,https://www.google.com/s2/favicons?domain=www.gapcap.com&sz=128,Alternative Lender,gapcap.com
Giant Finance+,https://www.giantfinanceplus.com,https://www.google.com/s2/favicons?domain=www.giantfinanceplus.com&sz=128,Invoice Finance,giantfinanceplus.com
Got Capital,https://www.gotcapital.co.uk,https://www.google.com/s2/favicons?domain=www.gotcapital.co.uk&sz=128,Alternative Lender,gotcapital.co.uk
Growth Lending,https://www.growthlending.com,https://www.google.com/s2/favicons?domain=www.growthlending.com&sz=128,Alternative Lender,growthlending.com
HSBC Asset Finance,https://www.hsbc.co.uk/business,https://www.google.com/s2/favicons?domain=www.hsbc.co.uk&sz=128,,,,Asset Finance / Bank,"UK, International",Various,Contact via website,"Asset finance, equipment finance, export finance",All sectors,No,@HSBC_UK,FCA Regulated (Bank),Global bank asset finance division,Asset Finance Research
HSBC Invoice Finance (UK),https://www.hsbc.co.uk/business,https://www.google.com/s2/favicons?domain=www.hsbc.co.uk&sz=128,,,,Invoice Finance / Bank,"UK, International",Various,Contact via website,"Invoice finance, export invoice finance, trade finance","All sizes, international traders",No,@HSBC_UK,FCA Regulated (Bank),Global bank with 200+ country expertise,FundInvoice List
HSBC Trade Finance,https://www.hsbcnet.com,https://www.google.com/s2/favicons?domain=www.hsbcnet.com&sz=128,Trade Finance,hsbc.com
HSBC UK,https://www.hsbc.co.uk/business,https://www.google.com/s2/favicons?domain=www.hsbc.co.uk&sz=128,Major Bank,hsbc.co.uk
HSBC UK (Trade Finance),https://www.hsbc.co.uk/business,https://www.google.com/s2/favicons?domain=www.hsbc.co.uk&sz=128,,,,Major Bank,"UK, International",Various,Relationship banking,"Export invoice finance, import/export loans, trade finance",International traders,No,@HSBC_UK,FCA Regulated (Bank),Global trade expertise in 200+ countries,Exa Search
Hampshire Trust Bank,https://www.htb.co.uk,https://www.google.com/s2/favicons?domain=www.htb.co.uk&sz=128,Specialist Bank,htb.co.uk
Handelsbanken,https://www.handelsbanken.co.uk/business,https://www.google.com/s2/favicons?domain=www.handelsbanken.co.uk&sz=128,Bank,handelsbanken.co.uk
Hanover Asset Finance,https://www.hfg.co.uk,https://www.google.com/s2/favicons?domain=www.hfg.co.uk&sz=128,Asset Finance,hfg.co.uk
Haydock Finance,https://www.haydockfinance.co.uk,https://www.google.com/s2/favicons?domain=www.haydockfinance.co.uk&sz=128,Alternative Lender,haydockfinance.co.uk
Hitachi Capital,https://www.hitachicapital.co.uk,https://www.google.com/s2/favicons?domain=www.hitachicapital.co.uk&sz=128,Asset Finance,hitachicapital.co.uk
Hitachi Capital (Novuna),https://www.novunabusinessfinance.co.uk,https://www.google.com/s2/favicons?domain=www.novunabusinessfinance.co.uk&sz=128,,,,Asset Finance,UK (National),Various,Contact via website,"Asset finance, equipment finance, vehicle finance",All sectors,No,@NovunaUK,FCA Regulated,"Rebranded from Hitachi Capital, major asset finance provider",Asset Finance Research
Hitachi Capital UK,https://www.hitachicapital.co.uk,https://www.google.com/s2/favicons?domain=www.hitachicapital.co.uk&sz=128,,,,Asset Finance,UK (National),Various,Contact via website,"Asset finance, vehicle finance, IT finance",All sectors,No,LinkedIn,FCA Regulated,Major equipment finance provider,Web Research
Hodge Bank,https://www.hodgebank.co.uk,https://www.google.com/s2/favicons?domain=www.hodgebank.co.uk&sz=128,Specialist Bank,hodgebank.co.uk
Hope Capital,https://www.hopecapital.co.uk,https://www.google.com/s2/favicons?domain=www.hopecapital.co.uk&sz=128,Development Finance,hopecapital.co.uk
Hydr,https://www.hydr.com,https://www.google.com/s2/favicons?domain=www.hydr.com&sz=128,Trade Finance,hydr.com
Hydr (formerly Ebury),https://www.hydr.com,https://www.google.com/s2/favicons?domain=www.hydr.com&sz=128,,,,FX & Trade Finance,"UK, International",Various,Apply online,"FX, international payments, trade finance",Businesses trading internationally,No,@Hydr,FCA Regulated,Fintech for cross-border finance,Capitalise
IGF Group,https://www.igf.co.uk,https://www.google.com/s2/favicons?domain=www.igf.co.uk&sz=128,,,,Invoice Finance,UK (National),Various,Contact via website,"Invoice finance, invoice discounting",SMEs,No,LinkedIn,FCA Regulated,Independent Growth Finance,FundInvoice List
IGF Invoice Finance,https://www.igf.co.uk,https://www.google.com/s2/favicons?domain=www.igf.co.uk&sz=128,Invoice Finance,igf.co.uk
ING Lease UK,https://www.inglease.co.uk,https://www.google.com/s2/favicons?domain=www.inglease.co.uk&sz=128,Asset Finance,inglease.co.uk
Industrial Common Ownership Finance (ICOF),https://www.icof.co.uk,https://www.google.com/s2/favicons?domain=www.icof.co.uk&sz=128,CDFI,icof.co.uk
Infund,https://www.infund.co.uk,https://www.google.com/s2/favicons?domain=www.infund.co.uk&sz=128,Alternative Lender,infund.co.uk
Interface Financial Group (IFG),https://www.ifguk.com,https://www.google.com/s2/favicons?domain=www.ifguk.com&sz=128,Invoice Finance,ifguk.com
Investec,https://www.investec.com,https://www.google.com/s2/favicons?domain=www.investec.com&sz=128,Bank,investec.com
Investec Capital Solutions,https://www.investec.com,https://www.google.com/s2/favicons?domain=www.investec.com&sz=128,,,,Asset Based Lending,"UK, International",Large tickets,Contact via website,"Asset based lending, structured finance","Mid-market, corporate",No,@Investec,FCA Regulated,Formerly Amicus Commercial Finance,Asset Finance Research
Investly,https://www.investly.co,https://www.google.com/s2/favicons?domain=www.investly.co&sz=128,Invoice Finance,investly.co
Invocap,https://www.invocap.co.uk,https://www.google.com/s2/favicons?domain=www.invocap.co.uk&sz=128,Invoice Finance,invocap.co.uk
Iron Bridge Finance,https://www.ironbridgefinance.co.uk,https://www.google.com/s2/favicons?domain=www.ironbridgefinance.co.uk&sz=128,Development Finance,ironbridgefinance.co.uk
JMK Group,https://jmkgroupuk.com/,https://www.google.com/s2/favicons?domain=jmkgroupuk.com&sz=128,,,,Invoice Finance,UK (National),Various,Contact via website,Invoice finance,SMEs,No,,FCA Regulated,Invoice finance provider,FundInvoice List
Jardine Norton,https://jardinenorton.com/,https://www.google.com/s2/favicons?domain=jardinenorton.com&sz=128,,,,Invoice Finance,UK (National),Various,Contact via website,Invoice finance,SMEs,No,,FCA Regulated,Invoice finance provider,FundInvoice List
Johnson & Johnson Finance,https://www.jnj.com,https://www.google.com/s2/favicons?domain=www.jnj.com&sz=128,Vendor Finance,jnj.com
Just Cashflow,https://www.justcashflow.com,https://www.google.com/s2/favicons?domain=www.justcashflow.com&sz=128,Invoice Finance,justcashflow.com
Key Equipment Finance,https://www.kefonline.eu,https://www.google.com/s2/favicons?domain=www.kefonline.eu&sz=128,Asset Finance,kefonline.eu
Key Factors,https://www.keyfactorsltd.com/,https://www.google.com/s2/favicons?domain=www.keyfactorsltd.com&sz=128,,,,Invoice Finance,UK (National),Various,Contact via website,"Factoring, invoice finance",SMEs,No,,FCA Regulated,Invoice finance provider,FundInvoice List
Key Fund Investments,https://thekeyfund.co.uk/,https://www.google.com/s2/favicons?domain=thekeyfund.co.uk&sz=128,,,,CDFI - Commercial Lending,Regional (UK),Various,,Business investment,SMEs,Yes,,FCA Regulated,Investment focused CDFI,CITR List
Kindred LCR CIC,https://kindred-lcr.co.uk/,https://www.google.com/s2/favicons?domain=kindred-lcr.co.uk&sz=128,,,,CDFI - Commercial Lending,Regional,Various,,Business finance,Local businesses,Yes,,FCA Regulated,CIC structure,CITR List
Kriya,https://www.kriya.co.uk,https://www.google.com/s2/favicons?domain=www.kriya.co.uk&sz=128,Alternative Lender,kriya.co.uk
Kroo Bank,https://www.kroo.com,https://www.google.com/s2/favicons?domain=www.kroo.com&sz=128,Challenger Bank,kroo.com
Kuflink,https://www.kuflink.co.uk,https://www.google.com/s2/favicons?domain=www.kuflink.co.uk&sz=128,Development Finance,kuflink.co.uk
Lendwise,https://www.lendwise.com,https://www.google.com/s2/favicons?domain=www.lendwise.com&sz=128,P2P,lendwise.com
Let's Do Business Finance (Capitalise Business Support),https://letsdобusinessfinance.co.uk,https://www.google.com/s2/favicons?domain=xn--letsdusinessfinance-fpp6q.co.uk&sz=128,,,,CDFI - Commercial Lending,Regional (UK),Various,Contact via website,Business finance,SMEs,Yes,,FCA Regulated,Trading name for Capitalise Business Support,CITR List
Leumi ABL,https://www.leumiuk.com,https://www.google.com/s2/favicons?domain=www.leumiuk.com&sz=128,Invoice Finance,leumiuk.com
Liberis,https://www.liberis.com,https://www.google.com/s2/favicons?domain=www.liberis.com&sz=128,Merchant Cash Advance,liberis.com
Liquid Link,https://liquidlink.co.uk/,https://www.google.com/s2/favicons?domain=liquidlink.co.uk&sz=128,,,,Invoice Finance,UK (National),Various,Contact via website,Invoice finance,SMEs,No,,FCA Regulated,Part of Liquid Friday Group,FundInvoice List
Lloyds Bank,https://www.lloydsbank.com/business,https://www.google.com/s2/favicons?domain=www.lloydsbank.com&sz=128,Major Bank,lloydsbank.com
Lloyds Bank (Trade Finance),https://www.lloydsbank.com/business,https://www.google.com/s2/favicons?domain=www.lloydsbank.com&sz=128,,,,Major Bank,UK (National),Various,Relationship banking,"Trade finance, export finance","Exporters, importers",No,@AskLloydsBank,FCA Regulated (Bank),Major UK bank trade division,Web Research
Lloyds Bank Commercial Finance,https://www.lloydsbank.com/business,https://www.google.com/s2/favicons?domain=www.lloydsbank.com&sz=128,,,,Asset Finance / Bank,UK (National),Various,Contact via website,"Asset finance, equipment finance, vehicle finance",All sectors,No,@AskLloydsBank,FCA Regulated (Bank),Major high street bank asset finance division,Asset Finance Research
Lloyds Bank Trade Finance,https://www.lloydsbank.com/business,https://www.google.com/s2/favicons?domain=www.lloydsbank.com&sz=128,,,,Trade Finance / Bank,"UK, International",Various,Relationship banking,"Trade finance, export/import finance, FX","SMEs, corporates",No,@AskLloydsBank,FCA Regulated (Bank),Major trade finance division,Trade Finance Research
Lombard (NatWest),https://www.lombardcommercial.co.uk,https://www.google.com/s2/favicons?domain=www.lombardcommercial.co.uk&sz=128,Asset Finance,lombardcommercial.co.uk
Lombard (RBS),https://www.lombardassetfinance.com,https://www.google.com/s2/favicons?domain=www.lombardassetfinance.com&sz=128,Asset Finance,lombardassetfinance.com
Love Finance,https://www.lovefinance.com,https://www.google.com/s2/favicons?domain=www.lovefinance.com&sz=128,Alternative Lender,lovefinance.com
MAN Financial Services,https://www.manfinancialservices.co.uk,https://www.google.com/s2/favicons?domain=www.manfinancialservices.co.uk&sz=128,Vendor Finance,manfinancialservices.co.uk
MT Finance,https://www.mtfinance.com,https://www.google.com/s2/favicons?domain=www.mtfinance.com&sz=128,Development Finance,mtfinance.com
Manta Finance,https://mantafinance.com,https://www.google.com/s2/favicons?domain=mantafinance.com&sz=128,Asset Finance,mantafinance.com
MarketFinance,https://www.marketfinance.com,https://www.google.com/s2/favicons?domain=www.marketfinance.com&sz=128,Alternative Lender,marketfinance.com
MarketFinance (formerly Market Invoice),https://www.marketfinance.com,https://www.google.com/s2/favicons?domain=www.marketfinance.com&sz=128,,,,Fintech Lender,"UK, Europe","£10,000 - £5m",Apply online,"Invoice finance, business loans, revenue finance",SMEs with invoices/recurring revenue,No,@MarketFinance,FCA Regulated,Leading alternative finance platform,Exa Search
Masthaven Bank,https://www.masthaven.co.uk,https://www.google.com/s2/favicons?domain=www.masthaven.co.uk&sz=128,Specialist Bank,masthaven.co.uk
Merchant House Finance,https://www.merchanthousefinance.com,https://www.google.com/s2/favicons?domain=www.merchanthousefinance.com&sz=128,Asset Finance,merchanthousefinance.com
Metro Bank,https://www.metrobank.co.uk,https://www.google.com/s2/favicons?domain=www.metrobank.co.uk&sz=128,Challenger Bank,metrobank.co.uk
Metro Bank SME Finance,https://www.metrobank.co.uk/business,https://www.google.com/s2/favicons?domain=www.metrobank.co.uk&sz=128,,,,Invoice Finance / Bank,UK (National),Up to 90% advance,Contact via website,"Invoice finance, factoring",SMEs,No,@Metro_Bank,FCA Regulated (Bank),"Formerly SME Invoice Finance, zero cancellation penalties","FundInvoice List, Expert Market #4"
Mintus,https://www.mintus.com,https://www.google.com/s2/favicons?domain=www.mintus.com&sz=128,P2P,mintus.com
Momenta Finance,https://www.momentafinance.com,https://www.google.com/s2/favicons?domain=www.momentafinance.com&sz=128,Alternative Lender,momentafinance.com
Monzo,https://www.monzo.com,https://www.google.com/s2/favicons?domain=www.monzo.com&sz=128,Challenger Bank,monzo.com
My Muse,https://getmymuse.com/,https://www.google.com/s2/favicons?domain=getmymuse.com&sz=128,,,,Invoice Finance,UK (National),Various,Contact via website,"Invoice finance, innovation finance","SMEs, startups",No,,FCA Regulated,"Muse Corporation trading as, includes Innovation Finance",FundInvoice List
NatWest,https://www.natwest.com/business,https://www.google.com/s2/favicons?domain=www.natwest.com&sz=128,Major Bank,natwest.com
NatWest (Trade Finance),https://www.natwest.com/business,https://www.google.com/s2/favicons?domain=www.natwest.com&sz=128,,,,Major Bank,UK (National),Various,Relationship banking,"Trade loans, trade discounting, supplier chain finance","Exporters, importers",No,@NatWest_Help,FCA Regulated (Bank),Dedicated export trade specialists,Exa Search
NatWest Trade Finance,https://www.natwest.com/business,https://www.google.com/s2/favicons?domain=www.natwest.com&sz=128,,,,Trade Finance / Bank,"UK, International",Various,Relationship banking,"Trade finance, export finance, FX","SMEs, corporates",No,@NatWest_Help,FCA Regulated (Bank),Major UK bank trade finance,Trade Finance Research
Novuna Business Cash Flow,https://www.novunabusinessfinance.co.uk,https://www.google.com/s2/favicons?domain=www.novunabusinessfinance.co.uk&sz=128,Asset Finance,novunabusinessfinance.co.uk
Nucleus Commercial Finance,https://www.nucleuscommercial.com,https://www.google.com/s2/favicons?domain=www.nucleuscommercial.com&sz=128,Invoice Finance,nucleuscommercial.com
OakNorth Bank,https://www.oaknorth.co.uk,https://www.google.com/s2/favicons?domain=www.oaknorth.co.uk&sz=128,Challenger Bank,oaknorth.co.uk
Octopus Real Estate,https://www.octopusrealestatelending.com,https://www.google.com/s2/favicons?domain=www.octopusrealestatelending.com&sz=128,Development Finance,octopusrealestatelending.com
Optimum Finance,https://www.optimumfinance.co.uk,https://www.google.com/s2/favicons?domain=www.optimumfinance.co.uk&sz=128,Invoice Finance,optimumfinance.co.uk
Panel Financial,https://www.panel-financial.co.uk/,https://www.google.com/s2/favicons?domain=www.panel-financial.co.uk&sz=128,,,,Invoice Finance,UK (National),Various,Contact via website,Invoice finance,SMEs,No,,FCA Regulated,Invoice finance provider,FundInvoice List
Paragon Bank,https://www.paragonbankinggroup.co.uk,https://www.google.com/s2/favicons?domain=www.paragonbankinggroup.co.uk&sz=128,Specialist Bank,paragonbankinggroup.co.uk
Paragon Bank Business Finance,https://www.paragonbankinggroup.co.uk,https://www.google.com/s2/favicons?domain=www.paragonbankinggroup.co.uk&sz=128,,,,Invoice Finance / Bank,UK (National),Various,Contact via website,"Invoice finance, asset finance",SMEs,No,@ParagonBankPLC,FCA Regulated (Bank),Formerly Five Arrows/State Securities,FundInvoice List
Partnership Invoice Finance,https://partnershipinvoicefinance.co.uk/,https://www.google.com/s2/favicons?domain=partnershipinvoicefinance.co.uk&sz=128,,,,Invoice Finance,UK (National),Various,Contact via website,Invoice finance,SMEs,No,,FCA Regulated,Invoice finance provider,FundInvoice List
Peak Cashflow,https://peakcashflow.co.uk/,https://www.google.com/s2/favicons?domain=peakcashflow.co.uk&sz=128,,,,Invoice Finance,UK (National),Various,Contact via website,Invoice finance,SMEs,No,,FCA Regulated,Invoice finance provider,FundInvoice List
Penny,https://www.penny.finance,https://www.google.com/s2/favicons?domain=www.penny.finance&sz=128,Alternative Lender,penny.finance
Pitney Bowes Finance,https://www.pitneybowes.co.uk,https://www.google.com/s2/favicons?domain=www.pitneybowes.co.uk&sz=128,Asset Finance,pitneybowes.co.uk
Plend,https://www.plend.co.uk,https://www.google.com/s2/favicons?domain=www.plend.co.uk&sz=128,P2P,plend.co.uk
Praetura Commercial Finance,https://www.praeturafinancialgroup.co.uk,https://www.google.com/s2/favicons?domain=www.praeturafinancialgroup.co.uk&sz=128,Invoice Finance,praeturafinancialgroup.co.uk
Proplend,https://www.proplend.com,https://www.google.com/s2/favicons?domain=www.proplend.com&sz=128,Development Finance,proplend.com
Pulse Finance,https://pulsefinancelimited.com/,https://www.google.com/s2/favicons?domain=pulsefinancelimited.com&sz=128,,,,Invoice Finance,UK (National),Various,Contact via website,Invoice finance,SMEs,No,,FCA Regulated,"Formerly Pulse Cashflow Finance, MBO 15/04/25, includes Calverton Finance",FundInvoice List
Purple Shoots,https://purpleshoots.org/,https://www.google.com/s2/favicons?domain=purpleshoots.org&sz=128,,,,CDFI - Commercial Lending,Regional (UK),Various,,Business finance,SMEs,Yes,,FCA Regulated,CDFI for SMEs,CITR List
Quba Solutions,https://quba.solutions/,https://www.google.com/s2/favicons?domain=quba.solutions&sz=128,,,,Invoice Finance,UK (National),Various,Contact via website,Invoice finance,SMEs,No,,FCA Regulated,Invoice finance provider,FundInvoice List
Qube Financing,https://www.qubefinancing.com/,https://www.google.com/s2/favicons?domain=www.qubefinancing.com&sz=128,,,,Invoice Finance,UK (National),Various,Contact via website,Invoice finance,SMEs,No,,FCA Regulated,Invoice finance provider,FundInvoice List
RBS Asset Finance,https://www.rbs.co.uk/business,https://www.google.com/s2/favicons?domain=www.rbs.co.uk&sz=128,,,,Asset Finance / Bank,UK (National),Various,Contact via website,"Asset finance, equipment finance, structured finance",All sectors,No,@RBS_Help,FCA Regulated (Bank),Part of NatWest Group,Asset Finance Research
RBS Invoice Finance,https://www.rbs.co.uk/business,https://www.google.com/s2/favicons?domain=www.rbs.co.uk&sz=128,,,,Invoice Finance / Bank,UK (focus Scotland),Up to 90% advance,Relationship banking,"Invoice finance (FacFlow), export finance, trade finance","SMEs, exporters",No,@RBS_Help,FCA Regulated (Bank),"Part of NatWest Group, dedicated support","FundInvoice List, Expert Market #5"
Raise,https://www.raisetech.io/,https://www.google.com/s2/favicons?domain=www.raisetech.io&sz=128,,,,Invoice Finance,UK (National),Various,Contact via website,Invoice finance,SMEs,No,,FCA Regulated,1ST PS Limited rebranded in 2022,FundInvoice List
Reality Finance Solutions,https://www.realityfinance.com,https://www.google.com/s2/favicons?domain=www.realityfinance.com&sz=128,Asset Finance,realityfinance.com
Rebuildingsociety,https://www.rebuildingsociety.com,https://www.google.com/s2/favicons?domain=www.rebuildingsociety.com&sz=128,P2P,rebuildingsociety.com
Recruitment Funding Solutions,https://recruitmentfundingsolutions.co.uk/,https://www.google.com/s2/favicons?domain=recruitmentfundingsolutions.co.uk&sz=128,,,,Invoice Finance,UK (National),Various,Contact via website,Invoice finance for recruitment,Recruitment agencies,No,,FCA Regulated,Specialist recruitment sector finance,FundInvoice List
Redd Factors,https://www.reddfactors.co.uk/,https://www.google.com/s2/favicons?domain=www.reddfactors.co.uk&sz=128,,,,Invoice Finance,UK (National),Various,Contact via website,"Factoring, invoice finance",SMEs,No,,FCA Regulated,Invoice finance provider,FundInvoice List
Regency Factors,https://www.regencyfactors.com/,https://www.google.com/s2/favicons?domain=www.regencyfactors.com&sz=128,,,,Invoice Finance,UK (National),Various,Contact via website,"Factoring, invoice finance",SMEs,No,,FCA Regulated,Acquired Inksmoor/Acuity,FundInvoice List
Resonance Enterprise Growth Investment CIC,https://resonance.ltd.uk/get-investment/enterprise-growth-funds/,https://www.google.com/s2/favicons?domain=resonance.ltd.uk&sz=128,,,,CDFI - Social Enterprise,UK,Various,,Social enterprise investment,Social enterprises,Yes,,FCA Regulated,"CIC structure, enterprise growth focus",CITR List
Revolut Business,https://www.revolut.com/business/,https://www.google.com/s2/favicons?domain=www.revolut.com&sz=128,Challenger Bank,revolut.com
Reward Finance Group,https://rewardfunding.co.uk/,https://www.google.com/s2/favicons?domain=rewardfunding.co.uk&sz=128,,,,Invoice Finance,UK (National),Various,Contact via website,Invoice finance,SMEs,No,,FCA Regulated,Invoice finance provider,FundInvoice List
Royal Bank of Scotland,https://www.rbs.co.uk/business,https://www.google.com/s2/favicons?domain=www.rbs.co.uk&sz=128,Major Bank,rbs.co.uk
Royal Bank of Scotland (Trade),https://www.rbs.co.uk/business,https://www.google.com/s2/favicons?domain=www.rbs.co.uk&sz=128,,,,Major Bank,UK (focus Scotland),Various,Relationship banking,"Export finance, trade loans, trade discounting",Exporters,No,@RBS_Help,FCA Regulated (Bank),Part of NatWest Group,Exa Search
SWIG Finance,https://www.swigfinance.co.uk,https://www.google.com/s2/favicons?domain=www.swigfinance.co.uk&sz=128,CDFI,swigfinance.co.uk
Sallyport Commercial Finance,https://sallyportcf.co.uk/,https://www.google.com/s2/favicons?domain=sallyportcf.co.uk&sz=128,,,,Invoice Finance,UK (National),Various,Contact via website,"Invoice finance, asset based lending",SMEs,No,,FCA Regulated,Commercial finance provider,FundInvoice List
Saltend Community Development Company,https://www.sirius-hull.co.uk/,https://www.google.com/s2/favicons?domain=www.sirius-hull.co.uk&sz=128,,,,CDFI - Community Development,Regional,Various,,Community development finance,Local community businesses,Yes,,FCA Regulated,Community focused,CITR List
Santander Asset Finance,https://www.santander.co.uk/business,https://www.google.com/s2/favicons?domain=www.santander.co.uk&sz=128,,,,Asset Finance / Bank,"UK, International",Various,Contact via website,"Asset finance, equipment finance, structured finance",Multiple sectors,No,@santanderukhelp,FCA Regulated (Bank),Major bank with £5bn+ asset finance portfolio,Asset Finance Research
Santander Invoice Finance,https://www.santander.co.uk/business,https://www.google.com/s2/favicons?domain=www.santander.co.uk&sz=128,,,,Invoice Finance / Bank,"UK, International",Various,Relationship banking,"Invoice finance, trade finance","SMEs, corporates",No,@santanderukhelp,FCA Regulated (Bank),Major bank invoice finance division,FundInvoice List
Santander Trade Finance,https://www.santander.co.uk/business,https://www.google.com/s2/favicons?domain=www.santander.co.uk&sz=128,,,,Trade Finance / Bank,"UK, International",Various,Relationship banking,"Trade finance, export finance, documentary credits","SMEs, corporates",No,@santanderukhelp,FCA Regulated (Bank),Major trade finance provider,Trade Finance Research
Santander UK,https://www.santander.co.uk/business,https://www.google.com/s2/favicons?domain=www.santander.co.uk&sz=128,Major Bank,santander.co.uk
Santander UK (Trade Finance),https://www.santander.co.uk/business,https://www.google.com/s2/favicons?domain=www.santander.co.uk&sz=128,,,,Major Bank,"UK, International",Various,Relationship banking,"Trade finance solutions, letters of credit",International traders,No,@santanderukhelp,FCA Regulated (Bank),Dedicated trade finance team,Exa Search
Satago,https://www.satago.com,https://www.google.com/s2/favicons?domain=www.satago.com&sz=128,Invoice Finance,satago.com
Secure Trust Bank,https://www.securetrustbank.com,https://www.google.com/s2/favicons?domain=www.securetrustbank.com&sz=128,Specialist Bank,securetrustbank.com
Secure Trust Bank Commercial Finance,https://www.securetrustbank.com,https://www.google.com/s2/favicons?domain=www.securetrustbank.com&sz=128,,,,Asset Finance / Bank,UK (National),Various,Contact via website,"Asset finance, invoice finance",SMEs,No,@SecureTrust,FCA Regulated (Bank),Part of Arbuthnot Banking Group,Asset Finance Research
Seedar Finance,https://seedar.finance/,https://www.google.com/s2/favicons?domain=seedar.finance&sz=128,,,,CDFI - Commercial Lending,Regional (UK),Various,,Business finance,SMEs,Yes,,FCA Regulated,SME focused CDFI,CITR List
Select Invoice Finance,https://selectinvoicefinance.com/,https://www.google.com/s2/favicons?domain=selectinvoicefinance.com&sz=128,,,,Invoice Finance,UK (National),Various,Contact via website,Selective invoice finance,SMEs,No,,FCA Regulated,Selective invoice finance specialist,FundInvoice List
Shawbrook Bank,https://www.shawbrook.co.uk,https://www.google.com/s2/favicons?domain=www.shawbrook.co.uk&sz=128,Specialist Bank,shawbrook.co.uk
Shire Invoice Finance,https://www.fundyourinvoice.co.uk,https://www.google.com/s2/favicons?domain=www.fundyourinvoice.co.uk&sz=128,Invoice Finance,fundyourinvoice.co.uk
Shire Leasing,https://www.shireleasing.co.uk,https://www.google.com/s2/favicons?domain=www.shireleasing.co.uk&sz=128,Asset Finance,shireleasing.co.uk
Shojin,https://www.shojin.co.uk,https://www.google.com/s2/favicons?domain=www.shojin.co.uk&sz=128,Development Finance,shojin.co.uk
Siemens Financial Services,https://www.siemensfinancialservices.co.uk,https://www.google.com/s2/favicons?domain=www.siemensfinancialservices.co.uk&sz=128,Asset Finance,siemensfinancialservices.co.uk
Silverburn Finance,https://www.silverburnfinance.com/,https://www.google.com/s2/favicons?domain=www.silverburnfinance.com&sz=128,,,,Invoice Finance,UK (National),Various,Contact via website,Invoice finance,SMEs,No,,FCA Regulated,Invoice finance provider,FundInvoice List
Skipton Business Finance,https://www.skiptonbusinessfinance.co.uk,https://www.google.com/s2/favicons?domain=www.skiptonbusinessfinance.co.uk&sz=128,Alternative Lender,skiptonbusinessfinance.co.uk
Social Investment Business Foundation,https://www.sibgroup.org.uk,https://www.google.com/s2/favicons?domain=www.sibgroup.org.uk&sz=128,CDFI,sibgroup.org.uk
Social Investment Scotland (SIS),https://www.socialinvestmentscotland.com,https://www.google.com/s2/favicons?domain=www.socialinvestmentscotland.com&sz=128,CDFI,socialinvestmentscotland.com
Sonovate,https://www.sonovate.com,https://www.google.com/s2/favicons?domain=www.sonovate.com&sz=128,Invoice Finance,sonovate.com
Starling Bank,https://www.starlingbank.com,https://www.google.com/s2/favicons?domain=www.starlingbank.com&sz=128,Challenger Bank,starlingbank.com
Swoop Funding,https://www.swoopfunding.com,https://www.google.com/s2/favicons?domain=www.swoopfunding.com&sz=128,Broker,swoopfunding.com
Syscap,https://www.syscap.com,https://www.google.com/s2/favicons?domain=www.syscap.com&sz=128,Asset Finance,syscap.com
Tandem Bank,https://www.tandem.co.uk,https://www.google.com/s2/favicons?domain=www.tandem.co.uk&sz=128,Challenger Bank,tandem.co.uk
Tandem Invoice Finance,https://fundingforbusiness.weebly.com/,https://www.google.com/s2/favicons?domain=fundingforbusiness.weebly.com&sz=128,,,,Invoice Finance,UK (National),Various,Contact via website,Invoice finance,SMEs,No,,FCA Regulated,Invoice finance provider,FundInvoice List
Team Factors,https://www.teamfactors.co.uk/,https://www.google.com/s2/favicons?domain=www.teamfactors.co.uk&sz=128,,,,Invoice Finance,UK (National),Various,Contact via website,"Factoring, invoice finance",SMEs,No,,FCA Regulated,Acquired Apollo Business Finance 2024,FundInvoice List
The Enterprise Fund (GC Business Finance),https://businessfinance.growthco.uk/,https://www.google.com/s2/favicons?domain=businessfinance.growthco.uk&sz=128,,,,CDFI - Commercial Lending,Regional (UK),Various,,Business finance,SMEs,Yes,,FCA Regulated,Trading as GC Business Finance,CITR List
ThinCats,https://www.thincats.com,https://www.google.com/s2/favicons?domain=www.thincats.com&sz=128,P2P,thincats.com
Tide,https://www.tide.co/,https://www.google.com/s2/favicons?domain=www.tide.co&sz=128,Challenger Bank,tide.co
Time Finance,https://www.timefinance.com,https://www.google.com/s2/favicons?domain=www.timefinance.com&sz=128,Invoice Finance,timefinance.com
Together Money,https://www.togethermoney.com,https://www.google.com/s2/favicons?domain=www.togethermoney.com&sz=128,Development Finance,togethermoney.com
Tradeplus24,https://www.tradeplus24.com,https://www.google.com/s2/favicons?domain=www.tradeplus24.com&sz=128,Trade Finance,tradeplus24.com
Triodos Crowdfunding,https://www.triodos.co.uk/crowdfunding,https://www.google.com/s2/favicons?domain=www.triodos.co.uk&sz=128,P2P,triodos.co.uk
Triver,https://triver.com/,https://www.google.com/s2/favicons?domain=triver.com&sz=128,,,,Invoice Finance,UK (National),Various,Contact via website,Invoice finance,SMEs,No,,FCA Regulated,Invoice finance provider,FundInvoice List
UK Export Finance (UKEF),https://www.ukexportfinance.gov.uk,https://www.google.com/s2/favicons?domain=www.ukexportfinance.gov.uk&sz=128,Government,gov.uk
Ulster Bank,https://digital.ulsterbank.co.uk/business,https://www.google.com/s2/favicons?domain=digital.ulsterbank.co.uk&sz=128,Major Bank,ulsterbank.co.uk
Ulster Bank (Trade Finance),https://digital.ulsterbank.co.uk/business,https://www.google.com/s2/favicons?domain=digital.ulsterbank.co.uk&sz=128,,,,Major Bank,"Northern Ireland, ROI",Various,Relationship banking,"Global trade finance, letters of credit, bonds",International traders,No,@UlsterBank_Help,FCA Regulated (Bank),Market-leading online trade platform,Exa Search
Ulster Bank Trade Finance,https://www.ulsterbank.co.uk/business,https://www.google.com/s2/favicons?domain=www.ulsterbank.co.uk&sz=128,,,,Trade Finance / Bank,"Northern Ireland, UK",Various,Contact via website,"Trade finance, export finance","SMEs, corporates",No,@UlsterBank_Help,FCA Regulated (Bank),Part of NatWest Group,Trade Finance Research
Ulster Community Investment Trust,https://communityfinanceireland.com/,https://www.google.com/s2/favicons?domain=communityfinanceireland.com&sz=128,,,,CDFI - Commercial Lending,Northern Ireland,Various,,Business loans,SMEs in Northern Ireland,Yes,,FCA Regulated,Northern Ireland focused CDFI,CITR List
Ultimate Finance,https://www.ultimatefinance.co.uk,https://www.google.com/s2/favicons?domain=www.ultimatefinance.co.uk&sz=128,Invoice Finance,ultimatefinance.co.uk
Ultimate Finance Group,https://www.ultimatefinance.co.uk,https://www.google.com/s2/favicons?domain=www.ultimatefinance.co.uk&sz=128,,,,Trade Finance,UK (National),£25k - £1m,Contact via website,"Trade finance, invoice finance, asset finance",UK exporters and SMEs,No,,FCA Regulated,"Includes Ashley Commercial/Ashley Finance, trade specialist",Trade Finance Research
Uncapped,https://www.weareuncapped.com,https://www.google.com/s2/favicons?domain=www.weareuncapped.com&sz=128,Revenue-Based Finance,weareuncapped.com
United Trust Bank,https://www.utbank.co.uk,https://www.google.com/s2/favicons?domain=www.utbank.co.uk&sz=128,Specialist Bank,utbank.co.uk
Virgin Money,https://uk.virginmoney.com/business,https://www.google.com/s2/favicons?domain=uk.virginmoney.com&sz=128,Bank,virginmoney.com
Volkswagen Financial Services,https://www.vwfs.co.uk,https://www.google.com/s2/favicons?domain=www.vwfs.co.uk&sz=128,Vendor Finance,vwfs.co.uk
WeDo Finance,https://wedo-finance.com/,https://www.google.com/s2/favicons?domain=wedo-finance.com&sz=128,,,,Invoice Finance,UK (National),Various,Contact via website,Invoice finance,SMEs,No,,FCA Regulated,Invoice finance provider,FundInvoice List
White Oak UK,https://www.whiteoakuk.com,https://www.google.com/s2/favicons?domain=www.whiteoakuk.com&sz=128,Invoice Finance,whiteoakuk.com
Workwell Outsourcing (EasyPay),https://workwelloutsourcing.com/,https://www.google.com/s2/favicons?domain=workwelloutsourcing.com&sz=128,,,,Invoice Finance,UK (National),Various,Contact via website,"Invoice finance, payroll outsourcing",SMEs,No,,FCA Regulated,Invoice finance with payroll services,FundInvoice List
Yoru Factor,https://yurofactor.com,https://www.google.com/s2/favicons?domain=yurofactor.com&sz=128,,yurofactor.com,,Invoice Finance,UK (National),Various,Contact via website,"Factoring, invoice finance",SMEs,No,,FCA Regulated,Invoice finance provider,FundInvoice List
YouLend,https://www.youlend.com,https://www.google.com/s2/favicons?domain=www.youlend.com&sz=128,Merchant Cash Advance,youlend.com
Zodeq,https://www.zodeq.com,https://www.google.com/s2/favicons?domain=www.zodeq.com&sz=128,Invoice Finance,zodeq.com
Zopa Bank,https://www.zopa.com,https://www.google.com/s2/favicons?domain=www.zopa.com&sz=128,Challenger Bank,zopa.com
eCapital Commercial Finance,https://www.ecapital.com,https://www.google.com/s2/favicons?domain=www.ecapital.com&sz=128,Invoice Finance,ecapital.com
iwoca,https://www.iwoca.co.uk,https://www.google.com/s2/favicons?domain=www.iwoca.co.uk&sz=128,Alternative Lender,iwoca.co.uk